상품ID,상품명,노출수,클릭수,클릭율,CPC적용수수료,CPC클릭당수수료
20250902_LSR_TOKY_RAN_0001,일본 자유 인천출발 항공권 준비물 디즈니랜드 여행,1,0,0.0,0,0.0
20250901_LSR_HANOI_ICMKK_0019,인천출발 동남아 베트남 패키지 직항 날씨 일정 하롱베이,1,0,0.0,0,0.0
20250901_LSR_BALI_MMK_0008,발리 날씨 동남아 인도네시아 리조트 일정 여행 직항,1,0,0.0,0,0.0
20250829_LSR_BANGK_MSMW_0006,방콕 여행 추석연휴 태국 가을 패키지 항공권,1,0,0.0,0,0.0
20250829_LSR_PHUKET_MFLTLF_16,푸껫 쇼핑 태국 항공권 빅부다 여행 빠통비치 호텔 숙소 날씨 마사지,1,0,0.0,0,0.0
20250902_LSR_VANGV_MKR_0001,방비엥 날씨 전망대 라오스 리조트 남송강 해외 블루라군,1,0,0.0,0,0.0
20250829_CS_NG_GPT_0005,캐나다 미국 미동부 나이아가라 나이아가라폭포 인천출발 2026년 패키지 가족여행,1,0,0.0,0,0.0
20250829_CS_VC_CMK_0019,캐나다여행 밴쿠버 패키지 여행 로키산맥 국적기 대한항공 아시아나항공,1,0,0.0,0,0.0
20250829_CS_HL_MKL_0010,이올라니궁전 알로하타워 진주만 하와이 패키지 아시아나항공 효도여행,4,0,0.0,0,0.0
20250829_KTM_HONGKONG_ML_0013,홍콩 비행시간 직항 관광 날씨 커플 야경 마카오 여행 먹거리 가격 트램,1,0,0.0,0,0.0
20250829_CS_NG_OT_0016,미극 나이아거라 개나다 미동부 09월 패키쥐 여헹코스 인쳔출발 6월 효도여헹,1,0,0.0,0,0.0
20250829_CS_LA_SNK_0015,가을 로스앤젤레스 미주여행 자유여행 일정 인천출발 대한항공,1,0,0.0,0,0.0
20250902_LSR_TOKY_HMR_0018,하코네 하코네신사 후지산 아시노호 해외 일정 일본,1,0,0.0,0,0.0
20250829_LDW_QZT_SNM_0015,뉴질랜드 효도여행 패키지 패키지 하나투어 명소 퀸즈타운,1,0,0.0,0,0.0
20250902_LSR_OSAK_MMK_0015,오사카 직항 날씨 일본 리조트 여행 일정 패키지 해외,1,0,0.0,0,0.0
20250829_LDW_GUAM_MKL_0011,괌 패키지 PIC 차모로빌리지 추석 라떼스톤공원 여행,1,1,100.0,53,53.0
20250829_CS_SA4C_DMK_0003,남미여행 패키지 2025년12월 인천출발 마추픽추 모레노빙하 아르헨티나 볼리비아 페루,1,0,0.0,0,0.0
20250829_LDW_GUAM_DMK_0053,12월 사이판 괌 여행 PIC 추석,1,0,0.0,0,0.0
20250902_LSR_FUKYO_NMKRT_0008,11월 여행 직항 해외 후쿠오카타워 날씨 일본여행,1,0,0.0,0,0.0
20250829_LSR_BANGK_MSMW_0020,방콕 항공권 여행 태국 리조트 해외 패키지 9월,1,0,0.0,0,0.0
20250901_LSR_DANA_MKRUT_0005,다낭 참조각박물관 용다리 여행 항공권 베트남 동남아,1,0,0.0,0,0.0
20250829_LDW_SYDNEY_GPT_0015,호주 시드니 효도여행 패키지 3박4일,1,0,0.0,0,0.0
20250829_LDW_SYDNEY_GPT_0005,호주 시드니 허니문 여행패키지 리조트 포함,1,1,100.0,53,53.0
20250829_LDW_SYDNEY_CMK_0007,호주 가족 투어 시드니 패키지 여행 6박7일,1,0,0.0,0,0.0
20250901_LSR_PHUQU_NMKTF_0011,11월 동남아 항공권 여행 푸꾸옥 해외 직항 일정,2,0,0.0,0,0.0
20250829_LDW_QZT_SNK_0015,퀸즈타운 하나투어 여행 뉴질랜드 여름 휴일 패키지,1,0,0.0,0,0.0
20250829_KTM__SWISS_DMK_0062,12월 서유럽 취리히 숙소 가격 9박11일 항공권,1,0,0.0,0,0.0
20250902_LSR_FUKYO_RAN_0019,일본여행 리조트 패키지 항공권 오사카 해외 여행 직항,1,0,0.0,0,0.0
20250829_KTM__FRANCE_MKL_0013,프랑스 관광 여행 삘라사구 오르세미술관 직항 툴루즈,1,0,0.0,0,0.0
20250901_LSR_KOTAKI_MKLKLO_0013,코타키나발루 호핑투어 직항 야시장 선셋 날씨 야시장 패키지 여행 해외,1,0,0.0,0,0.0
20250902_LSR_OSAK_MMK_0019,오사카 리조트 항공권 날씨 여행 일정 일본 해외 직항,1,0,0.0,0,0.0
20250901_LSR_PHUQU_DMKTF_0006,12월 푸꾸옥 여행 날씨 항공권 직항 동남아 3박5일,2,0,0.0,0,0.0
20250902_LSR_BEPP_MKLKSH_0005,벳부 일본 직항 항공권 커플여행 리조트 에어텔 날씨,1,0,0.0,0,0.0
20250902_LSR_VANGV_DMKTF_0010,12월 라오스 해외 일정 항공권 날씨 방비엥 4박6일,1,0,0.0,0,0.0
20250902_LSR_OSAK_MKLKLO_0017,오사카 패키지 간사이공항 나라 교토 날씨 항공권 온천 에어텔 해외 우메다,1,0,0.0,0,0.0
20250829_CS_SF_SNK_0008,샌프란시스코여행 미주여행 그랜드캐년 미국서부여행 라스베가스여행 투어 아시아나항공,1,0,0.0,0,0.0
20250902_LSR_OSAK_MKLKLO_0018,오사카 우메다 간사이공항 에어텔 직항 여행 나라 항공권 교토 온천 패키지,1,0,0.0,0,0.0
20250829_LDW_QZT_MKL_0018,뉴질랜드 애로우타운 패키지 스카이라인 퀸즈타운 가족여행 여행,1,0,0.0,0,0.0
20250901_LSR_CEBU_MMK_0011,세부 패키지 해외 날씨 리조트 동남아 여행 직항 항공권,1,0,0.0,0,0.0
20250829_CS_NY_MKL_0003,브루클린브리지 윌리엄스버그 덤보 베슬 엣지전망대 뉴욕여행 패키지 아시아나항공,1,0,0.0,0,0.0
20250902_LSR_FUKYO_MKLKLO_0009,후쿠오카 직항 교토 커플여행 날씨 일본여행 여행 리조트 교토 에어텔 나라,1,0,0.0,0,0.0
20250902_LSR_FUKYO_DMKRT_0011,12월 리조트 날씨 캐널시티하카타 후쿠오카타워 직항,1,0,0.0,0,0.0
20250901_LSR_CEBU_DMKTF_0007,12월 직항 리조트 항공권 날씨 여행 일정 동남아,1,0,0.0,0,0.0
20250829_LDW_SYDNEY_CMK_0013,호주 투어 시드니 패키지 6박7일 가족 여행,1,0,0.0,0,0.0
20250829_LDW_SAIPAN_ML_0012,사이판 스노클링 자유여행 괌여행 올인클루시브 4박5일 패키지 여행 리조트 항공권 연말 투어,5,0,0.0,0,0.0
20250901_LSR_KOTAKI_MKRP_0005,코타키나발루 말레이시아 날씨 여행 일정 직항,1,0,0.0,0,0.0
20250901_LSR_DANA_MKLKSH_0007,다낭 리조트 패키지 일정 여행 베트남 마사지 날씨 직항,2,0,0.0,0,0.0
20250902_LSR_FUKYO_MKLKSH_0002,후쿠오카 직항 일본여행 교토 해외 간사이공항 날씨,1,0,0.0,0,0.0
20250829_CS_SA4C_ML_0005,남미핵심일주 아르헨티나 브라질 볼리비아 페루 마추픽추 모레노빙하 스위트룸 패키지 일정,1,0,0.0,0,0.0
20250829_KTM__FRANCE_MKL_0011,프랑스 패키지 노르망디 직항 삘라사구 관광 오르세미술관,3,0,0.0,0,0.0
20250829_CS_NY_DMK_0008,미국 뉴욕 6박8일 2026년 하반기 여행 패키지 국적기 대한항공 아시아나항공,1,0,0.0,0,0.0
20250901_LSR_KOTAKI_NMKTF_0014,11월 패키지 동남아 항공권 리조트 여행 해외 직항,1,0,0.0,0,0.0
20250829_CS_LV_OT_0015,미서부패키지여행 대한항공 로스엔젤레스 그렌드캐년 서부 8대캐년 그리피스천문대 스타의거리 피,1,0,0.0,0,0.0
20250829_KTM_FRANCE_ML_0017,프랑스 가을 겨울 향수공방체험 여행 에스카르고 파리 패키지 항공권 날씨,1,0,0.0,0,0.0
20250829_LDW_SAIPAN_SNK_0010,사이판 패키지 자유여행 가족휴양 PIC 여행 리조트 자유 괌,1,0,0.0,0,0.0
20250902_LSR_FUKYO_MKLKLO_0013,후쿠오카 나라 교토 에어텔 해외 리조트 직항 여행 패키지 온천 간사이공항,1,0,0.0,0,0.0
20250829_LDW_SYDNEY_DMK_0014,11월 호주 투어 패키지 여행 시드니 6박7일 가족,1,0,0.0,0,0.0
20250829_CS_SF_SNK_0015,그랜드캐년 샌프란시스코여행 미국서부여행 미주여행 라스베가스여행 투어 대한항공,4,0,0.0,0,0.0
20250829_LDW_SAIPAN_DMK_0037,12월 사이판 PIC 패키지 리조트 가족 항공권 여행,1,0,0.0,0,0.0
20250829_LSR_SINGAP_MKLKSH_0020,싱가포르 여행 패키지 가족 날씨 버스 직항 리조트,1,0,0.0,0,0.0
20250829_LSR_BANGK_MMK_0019,방콕 해외 패키지 날씨 리조트 직항 태국 항공권,1,0,0.0,0,0.0
20250829_CS_LV_OT_0020,여행 아시아나항공 로스엔젤레스 서부 코카콜라스토어 피셔맨스워프 8대캐년 그리피스천문대 미서,2,0,0.0,0,0.0
20250901_LSR_DANA_MKRT_0017,다낭 마블마운틴 해외 일정 패키지 항공권 직항,1,0,0.0,0,0.0
20250901_LSR_NHATR_MMK_0007,나트랑 패키지 동남아 일정 베트남 리조트 항공권 날씨,1,0,0.0,0,0.0
20250829_LSR_PHUKET_MKLK_16,태국 리조트 허니문 여행 쇼핑 요트 에어텔 여행지 호텔,1,0,0.0,0,0.0
20250829_KTM__MAKAO_CMK_0013,마카오 비행시간 패키지 관광 홍콩 날씨 항공권 여행,2,0,0.0,0,0.0
20250829_LDW_SAIPAN_DMK_0045,연말연초 사이판 여행 항공권 리조트 패키지 가족 PIC,1,0,0.0,0,0.0
20250902_LSR_OSAK_MRR_0019,일본여행 일정 리조트 항공권 오사카 도톤보리,1,0,0.0,0,0.0
20250902_LSR_TOKY_MRRRRR_0011,일본 센소지 디즈니랜드 리조트 도쿄타워 긴자 메이지신궁,1,0,0.0,0,0.0
20250901_LSR_DANA_MKRT_0001,다낭 골든브릿지 동남아 마블마운틴 날씨 패키지 여행,1,0,0.0,0,0.0
20250829_CS_NY_DMK_0011,뉴욕 패키지여행 8박10일 2026년 6월 미국동부여행 국적기 대한항공 아시아나항공,1,0,0.0,0,0.0
20250902_LSR_TOKY_OTMR_0006,10월도쿄여행 하코네신사 항공권 해외 오와쿠다니 후지산,1,0,0.0,0,0.0
20250829_CS_NG_CMK_0015,캐나다 나이아가라 미국 미동부 패키지 인천출발 하반기 나이아가라파크 효도여행,1,0,0.0,0,0.0
20250829_CS_SA4C_CMK_0014,남미여행 남미일주 패키지 노쇼핑 노옵션 노팁 아르헨티나 브라질 볼리비아 페루 핵심투어,1,0,0.0,0,0.0
20250829_LSR_SINGAP_ICSTMD_0004,인천출발 싱가포르 항공권 여행 날씨 해외 날짜,2,0,0.0,0,0.0
20250829_CS_HL_MKL_0017,알로하타워 진주만 와이키키해변 하와이 대한항공 졸업여행,4,0,0.0,0,0.0
20250902_LSR_BEPP_MRFO_0001,일본여행 벳부 직항 항공권 리조트 유후인 온천 지옥순례,1,0,0.0,0,0.0
20250829_CS_HL_GPT_0007,하와이 패키지 와이키키 진주만 애리조나기념관 인천출발 아시아나항공,4,0,0.0,0,0.0
20250829_LDW_QZT_GPT_0010,뉴질랜드 퀸즈타운 패키지여행 남북섬 일주 일정,1,0,0.0,0,0.0
20250829_LDW_SYDNEY_DMK_0034,12월 호주 여행 가족 6박7일 패키지 투어 시드니,16,1,6.25,53,53.0
20250829_LDW_SYDNEY_DMK_0018,11월 호주 패키지 투어 여행 6박7일 가족 시드니,4,0,0.0,0,0.0
20250829_LDW_SYDNEY_GPT_0006,호주 시드니 가족여행 패키지 4박5일 특가,1,0,0.0,0,0.0
20250829_KTM_FRANCE_ML_0010,프랑스 파리 가을 비행시간 에스카르고 부르기뇽 관광 가볼만한곳 패키지,1,0,0.0,0,0.0
20250829_LSR_SINGAP_ICSTMD_0020,인천출발 싱가포르 날짜 날씨 여행 항공권 해외,1,0,0.0,0,0.0
20250829_CS_LV_SNK_0012,모두투어 미주여행 LA직항 라스베가스여행 미국그랜드캐년 아시아나항공 미국서부여행,1,0,0.0,0,0.0
20250829_KTM__ENGLAND_DMK_0013,11월 런던 비행시간 관광 항공권 영국 가격 날씨,1,0,0.0,0,0.0
20250829_LSR_PHUKET_MKLKLN_01,태국 패키지 여행지 날씨 푸껫 쇼핑 요트 에어텔 디저트 리조트 허니문,1,0,0.0,0,0.0
20250902_LSR_BEPP_DMKRT_0020,12월 온천 일본여행 리조트 벳부 다케산 유후인 패키지,1,0,0.0,0,0.0
20250902_LSR_VANGV_MKR_0014,방비엥 일정 탐푸캄동굴 항공권 패키지 라오스 블루라군,1,0,0.0,0,0.0
20250829_CS_LV_ML_0014,미국그랜드캐년여행 스타의거리 럭셔리 돌비극장 피어39 자이언캐년 노팁 투어 부모님 아시아나,1,0,0.0,0,0.0
20250901_LSR_KOTAKI_MKRP_0002,코타키나발루 여행 직항 동남아 일정 사피섬,1,0,0.0,0,0.0
20250829_CS_SA4C_DMK_0006,남미핵심일주 13일 투어 패키지 마추픽추 우유니소금사막 소금호수 아르헨티나 브라질,1,0,0.0,0,0.0
20250902_LSR_VANGV_MKLKLO_0012,방비엥 해외 항공권 카약 날씨 직항 관광지 체험 요가 일정 리조트 열기구,1,0,0.0,0,0.0
20250829_KTM_ITALY_ML_0012,이탈리아 가격 힐링 관광 패키지 겨울 직항 가볼만한곳,1,0,0.0,0,0.0
20250829_CS_SA3C_MKL_0015,멕시코 쿠바 칸쿤 패키지 여행 메트로폴리타나대성당 리비에라마야,1,0,0.0,0,0.0
20250901_LSR_BALI_MKLKSH_0004,발리 해외 직항 항공권 리조트 야경 패키지 에어텔,1,0,0.0,0,0.0
20250829_LDW_QZT_ML_0001,뉴질랜드 여행 여름 연휴 퀸즈타운 휴일 패키지 일주 혼자여행 가족여행,1,0,0.0,0,0.0
20250829_CS_SA4C_ML_0016,남미일주 아르헨티나 브라질 볼리비아 페루 마추픽추 소금호수 우유니소금사막 크루즈 여행,1,0,0.0,0,0.0
20250829_LSR_BANGK_MOMW_0008,방콕 패키지 항공권 10월 리조트 태국 해외 날씨 가을,1,0,0.0,0,0.0
20250901_LSR_HANOI_NMKTF_0008,11월 동남아 직항 베트남 리조트 하롱베이 여행 하노이,1,0,0.0,0,0.0
20250829_LSR_PHUKET_MKLK_19,태국 디저트 직항 쇼핑 리조트 요트 여행 해외 허니문,2,0,0.0,0,0.0
20250902_LSR_TOKY_NTMR_0014,11월도쿄여행 에어텔 일본 일정 직항 날씨 오와쿠다니,1,0,0.0,0,0.0
20250829_LDW_SYDNEY_DMK_0024,12월 호주 여행 시드니 패키지 6박7일 가족 투어,1,0,0.0,0,0.0
20250829_LSR_PHUKET_MFLTLF_12,푸껫 마사지 호텔 항공권 숙소 패키지 날씨 쇼핑 빅부다 태국 빠통비치,1,0,0.0,0,0.0
20250829_KTM__MAKAO_DMK_0049,12월 2박3일 날씨 여행 가격 마카오 직항 홍콩,1,0,0.0,0,0.0
20250829_LSR_BANGK_MOMW_0006,방콕 가을 리조트 10월 날씨 태국 여행 항공권,1,0,0.0,0,0.0
20250829_KTM_ENGLAND_ML_0011,영국 위스키 가족 가볼만한곳 해리포터 흑맥주 도심 가격 여행 패키지 커플,2,0,0.0,0,0.0
20250901_LSR_HANOI_MKLKLO_0009,하노이 자유 야시장 동남아 케이블카 해외 호핑투어 항공권 일정 에어텔,1,0,0.0,0,0.0
20250829_LSR_BANGK_MMK_0007,방콕 날씨 추석연휴 태국 항공권 여행 해외 직항,1,0,0.0,0,0.0
20250829_CS_SA3C_GPT_0019,멕시코 칸쿤 리비에라마야 쿠바 하바나여행,1,0,0.0,0,0.0
20250829_CS_NG_SNK_0017,미동부 캐나다 나이아가라 미국 09월 패키지 여행코스 인천출발 7월 가족여행,1,0,0.0,0,0.0
20250901_LSR_DANA_MKLKSH_0012,다낭 베트남 전망대 리조트 해외 마사지 바나힐테마파크,1,0,0.0,0,0.0
20250829_CS_SF_SNK_0004,라스베가스여행 샌프란시스코여행 미주여행 미국서부여행 그랜드캐년 투어 아시아나항공,1,0,0.0,0,0.0
20250829_CS_HL_GPT_0008,하와이 와이키키 다이아몬드헤드 하나우마베이 마노아폭포 리조트 여행,1,0,0.0,0,0.0
20250829_LDW_GUAM_ML_0008,괌 4박6일 리조트 여행 홈쇼핑 연휴 PIC 투어 대한항공 사이판 5박7일 패키지,1,0,0.0,0,0.0
20250829_CS_NY_MKL_0018,뉴욕 자유의여신상 오페라의유령 모마미술관 록펠러등대 패키지 여행 국적기,1,0,0.0,0,0.0
20250901_LSR_CEBU_MKRT_0020,세부 마젤란의십자가 항공권 멀라이언파크 일정 여행 직항,1,0,0.0,0,0.0
20250829_LDW_GUAM_MKL_0020,괌 사랑의절벽 투몬베이 PIC 패키지 라떼스톤공원,1,0,0.0,0,0.0
20250901_LSR_PHUQU_MKLKLO_0017,푸꾸옥 에어텔 야경 케이블카 호핑투어 항공권 날씨 관광지 휴양 직항,1,0,0.0,0,0.0
20250829_LSR_BANGK_MMK_0005,방콕 날씨 추석연휴 항공권 리조트 직항 패키지 태국,1,0,0.0,0,0.0
20250829_KTM__SPAINPORTU_CMK_0007,스페인 포르투갈 패키지 항공권 직항 남유럽 일주,1,0,0.0,0,0.0
20250901_LSR_PHUQU_MKLKLO_0009,푸꾸옥 리조트 여행 베트남 휴양 항공권 케이블카 관광지 야경 야시장 자유,7,0,0.0,0,0.0
20250829_LSR_SINGAP_NMKTF_0007,11월 항공권 날씨 여행 3박5일 해외 싱가포르,1,0,0.0,0,0.0
20250829_CS_LV_OT_0010,미서부패키지여행 금문교 8대캐년 라스베게스 직항 여행 그렌드캐년 아시아나항공 피셔맨스워프,1,0,0.0,0,0.0
20250829_LDW_SYDNEY_DMK_0031,12월 호주 시드니 패키지 6박7일 투어 여행 가족,1,0,0.0,0,0.0
20250829_CS_SA4C_MLK_0010,남미일주 패키지 마추픽추 소금호수 우유니소금사막 파타고니아 아르헨티나 볼리비아 페루,1,0,0.0,0,0.0
20250901_LSR_CEBU_MKLKSH_0018,세부 항공권 대관람차 여행 호핑 쇼핑 가족 동남아,1,0,0.0,0,0.0
20250902_LSR_VANGV_MKR_0010,방비엥 블루라군 탐푸캄동굴 항공권 리조트 전망대 날씨,1,0,0.0,0,0.0
20250901_LSR_DANA_OMKTF_0015,10월 3박5일 날씨 동남아 일정 다낭 여행 패키지,1,0,0.0,0,0.0
20250829_LDW_QZT_SNM_0001,뉴질랜드 효도여행 하나투어 패키지 퀸즈타운 명소 패키지,1,0,0.0,0,0.0
20250901_LSR_HANOI_DMKTF_0003,12월 여행 하노이 동남아 항공권 리조트 날씨 패키지,1,0,0.0,0,0.0
20250901_LSR_NHATR_DMKTF_0003,12월 여행 해외 항공권 일정 베트남 직항 날씨,1,0,0.0,0,0.0
20250902_LSR_OSAK_MRRRR_0013,일본여행 해외 오사카성 신사이바시 도톤보리 날씨 리조트,1,0,0.0,0,0.0
20250829_LDW_SYDNEY_DMK_0051,1월 호주 여행 패키지 가족 시드니 6박7일 투어,6,0,0.0,0,0.0
20250829_KTM__FRANCE_MKL_0007,프랑스 항공권 보르도와이너리 여행 파리 직항 툴루즈,1,0,0.0,0,0.0
20250829_CS_VC_SNK_0017,나이아가라 몬트리올 캐나다 동부 토론토 미동부 인천출발 7박10일 패키지,1,0,0.0,0,0.0
20250829_LDW_GUAM_ML_0011,괌 사이판 PIC 여행 5박7일 투어 홈쇼핑 연휴 대한항공 리조트 패키지 4박6일,1,0,0.0,0,0.0
20250829_LDW_SYDNEY_ML_0012,호주 투어 해변 여행사 6박7일 골드코스트 노쇼핑 가족 여행 홈쇼핑 패키지 시드니 6박7일,1,0,0.0,0,0.0
20250829_LSR_BANGK_MSMW_0014,방콕 날씨 리조트 패키지 여행 가을 9월 직항 태국,1,0,0.0,0,0.0
20250902_LSR_BEPP_MKLKSH_0006,벳부 유후인 해외 날씨 직항 패키지 간사이공항 에어텔,1,0,0.0,0,0.0
20250829_KTM_SPAINPORTU_ML_0010,스페인 포르투갈 미식 겨울철 관광 여행 바르셀로나 가을철 패키지,1,0,0.0,0,0.0
20250829_LSR_BANGK_MNMW_0006,방콕 날씨 여행 11월 3박5일 태국 해외 항공권,1,0,0.0,0,0.0
20250829_KTM__SPAINPORTU_DMK_0035,12월 가격 7박9일 관광 스페인 포르투갈 직항,1,0,0.0,0,0.0
20250829_LDW_SYDNEY_DMK_0048,1월 호주 가족 6박7일 여행 투어 시드니 패키지,1,0,0.0,0,0.0
20250901_LSR_DANA_MKRUT_0014,다낭 항공권 동남아 일정 패키지 직항 용다리 리조트,2,0,0.0,0,0.0
20250901_LSR_CEBU_MMK_0010,세부 동남아 패키지 항공권 직항 일정 날씨 해외 필리핀,1,0,0.0,0,0.0
20250829_KTM__ZHANG_MKL_0020,장가계 천문산 힐링 원가계 72기루 항공권 유리잔도,1,0,0.0,0,0.0
20250829_LSR_BANGK_MSLT_0014,방콕 날씨 직항 항공권 왓포 왓프라깨우 해외 여행,1,0,0.0,0,0.0
20250829_CS_SA4C_ML_0008,남미핵심일주 패키지 아르헨티나 브라질 볼리비아 페루 마추픽추 이과수폭포 가족여행 우정관광,3,0,0.0,0,0.0
20250829_CS_LA_MKL_0016,게티센터 할리우드사인 로스앤젤레스 패키지 아시아나항공,1,0,0.0,0,0.0
20250829_LDW_GUAM_GMK_0007,부산출발 사이판 추석 여행 괌 연휴 패키지 PIC 리조트,1,0,0.0,0,0.0
20250902_LSR_BEPP_RAN_0015,일본여행 날씨 직항 항공권 해외 온천 유후인 오사카,1,0,0.0,0,0.0
20250829_KTM__SPAINPORTU_MKL_0010,스페인 포르투갈 항공권 마드리드 리스본 남유럽 일주,1,0,0.0,0,0.0
20250829_KTM_FRANCE_ML_0002,프랑스 항공권 향수공방체험 부르기뇽 가볼만한곳 관광 직항 날씨 먹거리,1,0,0.0,0,0.0
20250902_LSR_OSAK_DMKRT_0008,12월 도톤보리 해외 날씨 일본 항공권 일정 여행,1,0,0.0,0,0.0
20250901_LSR_PHUQU_MKLKSH_0015,푸꾸옥 리조트 자유 호핑투어 일정 여행 케이블카 직항,5,0,0.0,0,0.0
20250902_LSR_TOKY_HMR_0020,하코네 항공권 후지산 날씨 하코네신사 일정 직항 에어텔,1,0,0.0,0,0.0
20250829_KTM_SPAINPORTU_ML_0018,스페인 포르투갈 숙소 여행 특가 힐링 관광 리스본 파티마 마드리드,1,0,0.0,0,0.0
20250902_LSR_TOKY_DTMR_0004,12월도쿄여행 하코네신사 후지산 패키지 일본 에어텔,1,0,0.0,0,0.0
20250829_LDW_SYDNEY_DMK_0011,11월 호주 투어 시드니 6박7일 가족 여행 패키지,1,0,0.0,0,0.0
20250829_KTM__FRANCE_MKL_0010,프랑스 오르세미술관 여행 쉬농소성 직항 항공권 삘라사구,2,0,0.0,0,0.0
20250901_LSR_PHUQU_MKLKSH_0001,푸꾸옥 패키지 여행 해외 야경 날씨 호핑투어 리조트,55,1,1.8181818181818181,53,53.0
20250829_LDW_QZT_SNM_0019,뉴질랜드 명소 패키지 하나투어 패키지 효도여행 퀸즈타운,1,0,0.0,0,0.0
20250829_LDW_SYDNEY_ML_0001,호주 시드니 6박7일 여행 호텔 해변 6박7일 골드코스트 가족 인천출발 일정 홈쇼핑 노쇼핑,1,0,0.0,0,0.0
20250829_CS_HL_MKL_0014,이올라니궁전 진주만 다이아몬드헤드 하와이 패키지 아시아나항공 가족여행,4,0,0.0,0,0.0
20250829_KTM__HONGKONG_DMK_0036,12월 호텔 패키지 비행시간 홍콩 항공권 직항 관광,1,0,0.0,0,0.0
20250901_LSR_HANOI_MKLKLO_0015,하노이 야시장 베트남 하롱베이 여행 휴양 야경 호핑투어 관광지 동남아,1,0,0.0,0,0.0
20250902_LSR_FUKYO_NMKRT_0019,11월 캐널시티하카타 오사카 일본여행 여행 항공권,1,0,0.0,0,0.0
20250829_LDW_SYDNEY_MKL_0013,호주 6박7일 오페라하우스 패키지 포트스티븐스 시드니 블루마운틴,1,0,0.0,0,0.0
20250901_LSR_BALI_MKR_0008,발리 패키지 해외 타나롯 동남아 항공권 몽키포레스트,1,0,0.0,0,0.0
20250829_LSR_PHUKET_MMK_20,푸껫 해외 패키지 태국 항공권 여행 직항 리조트 날씨,1,0,0.0,0,0.0
20250901_LSR_NHATR_MKLKSH_0019,나트랑 일정 해변 관광지 크루즈 여행 야시장 마사지,1,0,0.0,0,0.0
20250901_LSR_PHUQU_MKLKSH_0016,푸꾸옥 케이블카 휴양 일정 에어텔 야경 야시장 리조트,26,0,0.0,0,0.0
20250829_CS_SF_SNK_0020,샌프란시스코여행 미주여행 라스베가스여행 미국서부여행 그랜드캐년 투어 아시아나항공,1,0,0.0,0,0.0
20250829_KTM_SPAINPORTU_ML_0009,스페인 포르투갈 여행 리스본 남유럽 일주 힐링 추석연휴 가격 겨울철 미식,1,0,0.0,0,0.0
20250829_CS_LV_GPT_0015,라스베이거스 벨라지오분수쇼 하이롤러 미라지화산쇼 여행,1,0,0.0,0,0.0
20250901_LSR_PHUQU_MKLKSH_0020,푸꾸옥 동남아 여행 직항 야시장 리조트 자유 관광지,73,1,1.36986301369863,53,53.0
20250829_KTM__ZHANG_CMK_0004,장가계 추석연휴 항공권 중국 여행 원가계 패키지 힐링,1,0,0.0,0,0.0
20250901_LSR_HANOI_MKR_0002,하노이 동남아 리조트 해외 베트남 기차거리 패키지,1,0,0.0,0,0.0
20250829_CS_VC_DMK_0009,밴프 밴쿠버 10월 7일 여행 캐나다 패키지 국적기 아시아나항공,2,0,0.0,0,0.0
20250829_LSR_BANGK_MNMW_0005,방콕 추석연휴 날씨 패키지 11월 태국 직항 해외 가을,1,0,0.0,0,0.0
20250901_LSR_KOTAKI_MMK_0013,코타키나발루 날씨 여행 직항 일정 해외 패키지 동남아,1,0,0.0,0,0.0
20250829_LSR_BANGK_MSLT_0003,방콕 직항 태국 왓프라깨우 해외 여행 왕궁 날씨,2,0,0.0,0,0.0
20250829_CS_SA3C_MKL_0003,중미 멕시코 쿠바 칸쿤 리비에라마야 패키지 여행 메트로폴리타나대성당,1,0,0.0,0,0.0
20250902_LSR_FUKYO_MKLKLO_0005,후쿠오카 에어텔 여행 날씨 교토 온천 직항 나라 리조트 일본여행,2,0,0.0,0,0.0
20250829_LDW_SYDNEY_DMK_0043,1월 호주 시드니 6박7일 패키지 가족 여행 투어,1,0,0.0,0,0.0
20250829_KTM__SPAINPORTU_CMK_0015,스페인 포르투갈 직항 관광 항공권 남유럽 일주 여행,1,0,0.0,0,0.0
20250829_LDW_SYDNEY_DMK_0019,11월 호주 패키지 6박7일 시드니 여행 투어 가족,4,0,0.0,0,0.0
20250902_LSR_BEPP_DMKRT_0011,12월 온천 일본여행 벳부 리조트 항공권 유후인 해외,1,0,0.0,0,0.0
20250829_LDW_SYDNEY_SNM_0015,시드니 추석 여행 패키지 4박6일 여행사 호주,1,0,0.0,0,0.0
20250829_LDW_SYDNEY_CMK_0009,호주 6박7일 투어 여행 가족 시드니 패키지,1,0,0.0,0,0.0
20250829_LDW_SYDNEY_CMK_0018,호주 투어 6박7일 가족 여행 시드니 패키지,1,0,0.0,0,0.0
20250829_CS_SF_SNK_0006,샌프란시스코여행 라스베가스여행 미국서부여행 미주여행 그랜드캐년 투어 아시아나항공,2,0,0.0,0,0.0
20250829_CS_SA3C_OT_0009,쿠바 멕시코시티 칸쿤 팩키지 인천출발 노팁 호텔존,1,0,0.0,0,0.0
20250829_CS_LV_OT_0009,여행 미서부패키지여행 그렌드캐년 그렌드캐년 금문교 직항 서부 대한항공 코카콜라스토어 8대캐,2,0,0.0,0,0.0
20250901_LSR_DANA_OMKTF_0013,10월 여행 날씨 항공권 베트남 동남아 다낭 직항,2,0,0.0,0,0.0
20250829_KTM__HONGKONG_CMK_0008,홍콩 항공권 비행시간 마카오 여행 패키지 날씨 호텔,1,0,0.0,0,0.0
20250829_LSR_BANGK_MSMW_0003,방콕 가을 해외 9월 추석연휴 리조트 항공권 태국,1,0,0.0,0,0.0
20250829_CS_SA4C_ML_0007,남미일주 투어 아르헨티나 브라질 볼리비아 페루 마추픽추 파타고니아 대한항공 국적기 일정,1,0,0.0,0,0.0
20250829_LDW_SAIPAN_MKL_0006,사이판 타포차우 가족 패키지 항공권 그로토 여행 마나가하섬,1,0,0.0,0,0.0
20250901_LSR_PHUQU_MKLKSH_0007,푸꾸옥 호핑투어 야경 야시장 자유 해외 휴양 날씨 여행,19,0,0.0,0,0.0
20250829_CS_HL_OT_0016,하외이 진주만 애리조나기념관 와이케키 인쳔출발 아시아나항공 졸업여행,4,0,0.0,0,0.0
20250901_LSR_HANOI_DMKTF_0013,12월 여행 항공권 하노이 하롱베이 직항 해외 날씨,1,0,0.0,0,0.0
20250829_LDW_SYDNEY_DMK_0042,1월 호주 시드니 6박7일 투어 여행 패키지 가족,1,0,0.0,0,0.0
20250829_CS_HL_GPT_0015,하와이 와이키키 진주만 애리조나기념관 이올라니궁전 효도여행 패키지,3,0,0.0,0,0.0
20250901_LSR_DANA_OMKTF_0014,10월 베트남 항공권 일정 여행 날씨 다낭 해외,1,0,0.0,0,0.0
20250901_LSR_NHATR_OMKTF_0009,10월 패키지 3박5일 항공권 직항 리조트 여행 동남아,1,0,0.0,0,0.0
20250901_LSR_KOTAKI_NMKTF_0006,11월 3박5일 코타키나발루 말레이시아 일정 리조트,1,0,0.0,0,0.0
20250902_LSR_VANGV_MKLKLO_0003,방비엥 카약 트레킹 야경 체험 동남아 요가 해외 일정 리조트 날씨 열기구,1,0,0.0,0,0.0
20250829_LDW_QZT_SNM_0007,뉴질랜드 명소 퀸즈타운 패키지 효도여행 패키지 하나투어,1,0,0.0,0,0.0
20250902_LSR_OSAK_MRR_0005,일본여행 날씨 항공권 오사카 유니버셜스튜디오 패키지,2,0,0.0,0,0.0
20250829_CS_LA_DMK_0005,로스앤젤레스 패키지 8박10일 하반기 여행 직항 인천출발 대한항공,1,0,0.0,0,0.0
20250829_LSR_BANGK_MMK_0020,방콕 패키지 날씨 추석연휴 해외 리조트 직항 여행,1,0,0.0,0,0.0
20250902_LSR_OSAK_MKLKLO_0003,오사카 여행 항공권 리조트 우메다 온천 일정 간사이공항 에어텔 교토 날씨,1,0,0.0,0,0.0
20250902_LSR_OSAK_OMKRT_0005,10월 일본 패키지 유니버셜스튜디오 오사카 여행 직항,1,0,0.0,0,0.0
20250902_LSR_FUKYO_MKLKLO_0017,후쿠오카 커플여행 일본여행 교토 여행 리조트 에어텔 간사이공항 교토 날씨,1,0,0.0,0,0.0
20250829_CS_HL_GPT_0016,하와이 와이키키 다이아몬드헤드 하나우마베이 패키지 인천출발 여행,1,0,0.0,0,0.0
20250829_KTM__SWISS_CMK_0012,스위스 비행시간 취리히 서유럽 숙소 직항 관광 여행,1,0,0.0,0,0.0
20250902_LSR_FUKYO_MRFIV_0016,일본여행 날씨 해외 여행 캐널시티하카타 오사카 항공권,1,0,0.0,0,0.0
20250829_CS_LA_GPT_0018,로스앤젤레스 산타모니카피어 베니스비치 월트디즈니 투어,1,0,0.0,0,0.0
20250829_KTM__HONGKONG_DMK_0035,12월 항공권 여행 날씨 직항 패키지 관광 비행시간,1,0,0.0,0,0.0
20250901_LSR_KOTAKI_NMKTF_0018,11월 직항 항공권 여행 리조트 코타키나발루 날씨,1,0,0.0,0,0.0
20250829_KTM__SWISS_DMK_0078,12월 패키지 숙소 9박11일 스위스 취리히 서유럽,1,0,0.0,0,0.0
20250829_KTM__FRANCE_DMK_0016,11월 관광 가격 노르망디 날씨 파리 여행 프랑스 패키지,1,0,0.0,0,0.0
20250829_LDW_SYDNEY_ML_0008,호주 해변 홈쇼핑 여행 호텔 투어 일정 인천출발 패키지 가족 6박7일 6박7일 여행사,1,0,0.0,0,0.0
20250829_KTM_FRANCE_ML_0015,프랑스 관광 가볼만한곳 가을 향수공방체험 부르기뇽 비행시간 노르망디 숙소,2,0,0.0,0,0.0
20250829_KTM_SPAINPORTU_ML_0002,스페인 포르투갈 직항 가을철 마드리드 파티마 특가 항공권 리스본 숙소,1,0,0.0,0,0.0
20250829_CS_HL_GPT_0009,하와이 인천출발 패키지 와이키키 알로하타워 진주만 졸업여행,3,0,0.0,0,0.0
20250901_LSR_DANA_NMKTF_0020,11월 날씨 직항 항공권 베트남 다낭 여행 해외 일정,1,0,0.0,0,0.0
20250901_LSR_KOTAKI_MKRP_0003,코타키나발루 말레이시아 직항 패키지 날씨 동남아 해외,1,0,0.0,0,0.0
20250829_LDW_QZT_SNM_0011,뉴질랜드 하나투어 패키지 퀸즈타운 명소 패키지 효도여행,1,0,0.0,0,0.0
20250829_KTM__FRANCE_DMK_0001,11월 날씨 노르망디 프랑스 여행 항공권 직항 비행시간,1,0,0.0,0,0.0
20250902_LSR_FUKYO_MMK_0001,후쿠오카 오사카 날씨 직항 여행 일본여행 항공권 해외,1,0,0.0,0,0.0
20250829_LSR_SINGAP_OMKTF_0017,10월 여행 날씨 해외 3박5일 항공권 싱가포르,1,0,0.0,0,0.0
20250829_LDW_GUAM_MKL_0015,괌 사이판 리조트 라떼스톤공원 PIC 여행 추석 패키지,1,0,0.0,0,0.0
20250902_LSR_VANGV_MKR_0011,방비엥 동남아 남송강 여행 해외 직항 라오스 항공권,1,0,0.0,0,0.0
20250829_LDW_QZT_SNK_0013,퀸즈타운 하나투어 여행 여름 뉴질랜드 휴일 패키지,1,0,0.0,0,0.0
20250829_LDW_SYDNEY_GPT_0001,호주 시드니 여행패키지 3박4일 항공 호텔 포함,1,0,0.0,0,0.0
20250902_LSR_BEPP_OMKRT_0009,10월 다케산 해외 일본여행 리조트 벳부 온천 직항,1,0,0.0,0,0.0
20250829_CS_HL_MKL_0002,코코헤드 선셋비치 할로나블로우홀 진주만 하와이 패키지 아시아나항공 해외여행,1,0,0.0,0,0.0
20250829_LDW_GUAM_DMK_0037,11월 추석 PIC 괌 리조트,1,0,0.0,0,0.0
20250901_LSR_BALI_MKLKLO_0008,발리 관광지 직항 야경 항공권 호핑투어 우붓시장 해외 비치 동남아 날씨,1,0,0.0,0,0.0
20250829_CS_NY_GPT_0019,뉴욕 록펠러센터 자유의여신상 모마미술관 여행,1,0,0.0,0,0.0
20250902_LSR_OSAK_MRRRR_0020,일본여행 도톤보리 유니버셜스튜디오 패키지 오사카,2,0,0.0,0,0.0
20250829_KTM__ENGLAND_DMK_0054,12월 관광 런던 항공권 패키지 직항 가격 날씨,1,0,0.0,0,0.0
20250829_LDW_GUAM_MKL_0008,괌 패키지 사이판 추석 투몬베이 여행 파쉬아이해중전망대,1,0,0.0,0,0.0
20250829_CS_NY_DMK_0001,뉴욕 여행 8박10일 2026년 가을 미국동부여행 패키지 국적기 대한항공 아시아나항공,1,0,0.0,0,0.0
20250902_LSR_OSAK_MKLKSH_0013,오사카 간사이공항 교토 날씨 리조트 나라 일정 항공권,1,0,0.0,0,0.0
20250901_LSR_HANOI_DMKTF_0009,12월 하노이 하롱베이 항공권 일정 해외 리조트,1,0,0.0,0,0.0
20250829_KTM__MAKAO_CMK_0011,마카오 날씨 패키지 홍콩 항공권 여행 직항 비행시간,2,0,0.0,0,0.0
20250829_CS_SA4C_ML_0011,남미핵심일주 패키지 아르헨티나 브라질 볼리비아 페루 마추픽추 우유니소금사막 항공 투어,1,0,0.0,0,0.0
20250829_LSR_PHUKET_MKLKLN_10,태국 항공권 호텔 에어텔 여행 리조트 숙소 날씨 패키지 허니문 직항,2,0,0.0,0,0.0
20250829_CS_HL_MKL_0006,진주만 애리조나기념관 이올라니궁전 하와이 패키지 아시아나항공 졸업여행,5,0,0.0,0,0.0
20250829_KTM__SWISS_DMK_0031,11월 관광 패키지 가격 직항 9박11일 비행시간,1,0,0.0,0,0.0
20250829_CS_SA3C_MKL_0020,중미 멕시코 쿠바 칸쿤 패키지 여행 메트로폴리타나대성당 소칼로광장,1,0,0.0,0,0.0
20250829_LDW_SYDNEY_DMK_0001,11월 호주 여행 패키지 가족 시드니 투어 6박7일,2,0,0.0,0,0.0
20250901_LSR_HANOI_DMKTF_0004,12월 하노이 패키지 여행 직항 3박5일 리조트 날씨,2,0,0.0,0,0.0
20250829_CS_SA4C_MLK_0006,남미일주 패키지 마추픽추 우유니소금사막 모레노빙하 아르헨티나 브라질 페루 여행일정,1,0,0.0,0,0.0
20250901_LSR_KOTAKI_MMK_0018,코타키나발루 일정 패키지 항공권 날씨 동남아 해외,1,0,0.0,0,0.0
20250829_LDW_SAIPAN_DMK_0002,11월 사이판 여행 가족 항공권 PIC 리조트 패키지,1,0,0.0,0,0.0
20250829_LDW_GUAM_GMK_0015,부산출발 사이판 연휴 PIC 리조트 추석 괌 패키지 여행,3,0,0.0,0,0.0
20250829_LDW_GUAM_DMK_0040,11월 추석 여행 리조트 PIC,1,0,0.0,0,0.0
20250829_CS_NG_CMK_0005,캐나다 나이아가라 미동부 미국 패키지 인천출발 2026년 나이아가라파크 가족여행,1,0,0.0,0,0.0
20250902_LSR_TOKY_MRR_0003,도쿄 일본 패키지 디즈니랜드 리조트 항공권 직항 해외,1,0,0.0,0,0.0
20250901_LSR_NHATR_NMKTF_0018,11월 리조트 여행 동남아 일정 항공권 직항 베트남,2,0,0.0,0,0.0
20250902_LSR_OSAK_MMK_0016,오사카 항공권 직항 일본 여행 패키지 리조트 날씨 일정,1,0,0.0,0,0.0
20250901_LSR_BALI_MMK_0006,발리 동남아 패키지 직항 일정 인도네시아 리조트 해외,1,0,0.0,0,0.0
20250829_CS_SA4C_DMK_0007,남미여행 12일 일정 아르헨티나 브라질 볼리비아 페루 마추픽추 파타고니아 패키지 투어,1,0,0.0,0,0.0
20250829_LSR_PHUKET_MKLK_10,태국 해외 여행지 에어텔 날씨 패키지 직항 푸껫 리조트,1,0,0.0,0,0.0
20250829_CS_SA4C_ML_0015,남미여행 패키지 인천출발 아르헨티나 브라질 볼리비아 페루 마추픽추 항공권 경비 비용,1,1,100.0,53,53.0
20250829_CS_SA3C_GPT_0003,칸쿤 리비에라마야 올인클루시브 하바나올드카 멕시코 쿠바 여행,1,0,0.0,0,0.0
20250829_LDW_SAIPAN_MKL_0018,사이판 타포차우 패키지 리조트 새섬 항공권 그로토 가족,1,0,0.0,0,0.0
20250829_LDW_QZT_SNK_0020,퀸즈타운 여행 휴일 뉴질랜드 패키지 여름 하나투어,1,0,0.0,0,0.0
20250829_CS_VC_SNK_0014,동부 나이아가라 캐나다 토론토 미동부 몬트리올 인천출발 7박10일 패키지,1,0,0.0,0,0.0
20250829_CS_SA3C_SNK_0018,쿠바 멕시코 칸쿤 여행 인천출발 아시아나 대한항공,1,0,0.0,0,0.0
20250902_LSR_BEPP_MKLKSH_0001,벳부 항공권 리조트 에어텔 오사카 간사이공항 일본,1,0,0.0,0,0.0
20250829_CS_NG_GPT_0016,미국 나이아가라 캐나다 미동부 09월 패키지 여행코스 인천출발 6월 해외여행,1,0,0.0,0,0.0
20250829_KTM__ZHANG_MKL_0016,장가계 추석연휴 패키지 여행 원가계 항공권 중국,1,0,0.0,0,0.0
20250829_LSR_PHUKET_MKLKLN_15,태국 항공권 푸껫 요트 호텔 숙소 여행지 해외 에어텔 패키지 직항 패키지,1,0,0.0,0,0.0
20250902_LSR_TOKY_HMR_0003,하코네 패키지 직항 날씨 해외 아시노호 일본 항공권,1,0,0.0,0,0.0
20250829_CS_LV_GPT_0010,라스베이거스 벨라지오분수쇼 프리몬트스트리트 미라지화산쇼 여행,1,0,0.0,0,0.0
20250901_LSR_DANA_MKLKSH_0017,다낭 동남아 해외 여행 야경 일정 항공권 바나힐테마파크,1,0,0.0,0,0.0
20250829_LDW_SYDNEY_CMK_0020,호주 가족 시드니 6박7일 패키지 투어 여행,1,0,0.0,0,0.0
20250901_LSR_PHUQU_NMKTF_0016,11월 동남아 패키지 날씨 푸꾸옥 일정 3박5일 항공권,1,0,0.0,0,0.0
20250829_LSR_BANGK_MMK_0002,방콕 패키지 해외 여행 항공권 태국 직항 추석연휴,1,0,0.0,0,0.0
20250829_CS_HL_SNK_0004,하와이 부모님효도 패키지 4인가족 인천출발 아시아나항공,1,0,0.0,0,0.0
20250902_LSR_OSAK_RAN_0010,일본여행 날씨 간사이공항 교토 직항 도톤보리 에어텔,1,0,0.0,0,0.0
20250902_LSR_BEPP_MKLKLO_0020,벳부 커플여행 일본 항공권 해외 에어텔 유후인 날씨 간사이공항 패키지,1,0,0.0,0,0.0
20250829_LSR_PHUKET_AMLP_05,푸껫 여행 직항 여행지 허니문 야시장 항공권 해외 마사지 리조트 에어텔,1,0,0.0,0,0.0
20250829_CS_LV_SNK_0019,패키지 라스베가스여행 모두투어 미주여행 미서부여행 대한항공 미국그랜드캐년,1,0,0.0,0,0.0
20250829_CS_HL_MKL_0020,진주만 선셋비치 알로하타워 하와이 패키지 아시아나항공 가족여행,5,0,0.0,0,0.0
20250901_LSR_KOTAKI_MMK_0001,코타키나발루 해외 여행 항공권 날씨 동남아 일정 리조트,1,0,0.0,0,0.0
20250902_LSR_BEPP_RAN_0009,일본여행 에어텔 벳부 항공권 온천 날씨 간사이공항,1,0,0.0,0,0.0
20250829_LDW_SYDNEY_ML_0005,호주 노쇼핑 해변 가족 투어 일정 6박7일 홈쇼핑 골드코스트 시드니 6박7일 인천출발,1,0,0.0,0,0.0
20250901_LSR_DANA_MMK_0020,다낭 항공권 리조트 직항 베트남 패키지 동남아 날씨,1,0,0.0,0,0.0
20250902_LSR_TOKY_DMKRT_0013,12월 여행 항공권 패키지 날씨 디즈니랜드 리조트 도쿄,1,0,0.0,0,0.0
20250829_LSR_SINGAP_NMKTF_0014,11월 날씨 해외 싱가포르 여행 3박5일 항공권,1,0,0.0,0,0.0
20250902_LSR_OSAK_MMK_0018,오사카 날씨 항공권 직항 패키지 해외 여행 일본 리조트,1,0,0.0,0,0.0
20250829_CS_HL_GPT_0019,하와이 패키지 와이키키 알로하타워 진주만 애리조나기념관 가족여행,4,0,0.0,0,0.0
20250902_LSR_VANGV_MKR_0013,방비엥 직항 라오스 남송강 블루라군 리조트 항공권 해외,1,0,0.0,0,0.0
20250902_LSR_BEPP_MKLKSH_0013,벳부 도쿄 에어텔 유후인 해외 오사카 항공권 패키지,1,0,0.0,0,0.0
20250902_LSR_OSAK_RAN_0006,일본여행 도톤보리 교토 날씨 인천출발 에어텔 항공권,1,0,0.0,0,0.0
20250829_KTM__SPAINPORTU_CMK_0008,스페인 포르투갈 패키지 여행 항공권 남유럽 일주,1,0,0.0,0,0.0
20250829_LDW_GUAM_DMK_0017,2025년 11월 추석 PIC 괌 리조트,1,0,0.0,0,0.0
20250901_LSR_KOTAKI_MKLKSH_0013,코타키나발루 호핑투어 휴양 관광지 선셋 야경 날씨,1,0,0.0,0,0.0
20250902_LSR_OSAK_RAN_0008,일본여행 패키지 리조트 도톤보리 해외 간사이공항 직항,1,0,0.0,0,0.0
20250829_KTM__MAKAO_DMK_0013,11월 비행시간 마카오 직항 홍콩 2박3일 항공권 날씨,1,0,0.0,0,0.0
20250829_LDW_QZT_SNK_0003,퀸즈타운 뉴질랜드 하나투어 패키지 여름 휴일 여행,1,0,0.0,0,0.0
20250829_LDW_QZT_SNM_0013,뉴질랜드 패키지 패키지 퀸즈타운 하나투어 효도여행 명소,1,0,0.0,0,0.0
20250902_LSR_FUKYO_NMKRT_0006,11월 여행 후쿠오카 후쿠오카타워 일본여행 직항 오사카,1,0,0.0,0,0.0
20250829_LDW_SYDNEY_DMK_0044,1월 호주 가족 투어 시드니 패키지 여행 6박7일,1,0,0.0,0,0.0
20250901_LSR_PHUQU_MKLKLO_0001,푸꾸옥 야경 여행 휴양 동남아 에어텔 패키지 리조트 항공권 야시장,2,0,0.0,0,0.0
20250902_LSR_FUKYO_NMKRT_0010,11월 후쿠오카 날씨 직항 리조트 오사카 항공권,2,0,0.0,0,0.0
20250829_CS_SA3C_DMK_0007,중미 멕시코 쿠바 칸쿤 패키지 여행 인천출발 10일 마야문명,1,0,0.0,0,0.0
20250829_CS_SA3C_MKL_0013,중미 멕시코시티 쿠바 칸쿤 패키지 여행 리비에라마야 프란시스코광장,1,0,0.0,0,0.0
20250829_CS_NY_DMK_0017,뉴욕 패키지여행 10박12일 2026년 상반기 미국동부여행 국적기 대한항공 아시아나항공,1,0,0.0,0,0.0
20250829_CS_VC_ML_0019,밴쿠버여행패키지 캐나다여행 밴프여행 로키 나이아가라 효도여행 가족여행 패키지여행 인천출발,1,0,0.0,0,0.0
20250902_LSR_BEPP_MRFO_0006,일본여행 료칸 패키지 유후인 다케산 항공권 날씨 벳부,1,0,0.0,0,0.0
20250902_LSR_BEPP_NMKRT_0015,11월 유후인 일본여행 항공권 벳부 패키지 해외 리조트,1,0,0.0,0,0.0
20250829_KTM__ITALY_DMK_0013,11월 여행 비행시간 가격 이탈리아 관광 날씨 직항,1,0,0.0,0,0.0
20250829_LDW_QZT_GPT_0005,뉴질랜드 퀸즈타운 신혼여행 패키지 노팁 노옵션,1,0,0.0,0,0.0
20250902_LSR_OSAK_MKLKLO_0006,오사카 해외 항공권 날씨 패키지 일정 직항 에어텔 교토 나라 여행,1,0,0.0,0,0.0
20250829_LSR_SINGAP_ICSTMD_0016,인천출발 해외 항공권 싱가포르 여행 날씨 날짜,1,0,0.0,0,0.0
20250829_LSR_PHUKET_NMTFA_02,11월 날씨 3박 5일 태국 항공권 패키지 가을 리조트,1,0,0.0,0,0.0
20250829_LSR_SINGAP_MKLKLO_0007,싱가포르 추천 먹거리 파크 가족 체험 리조트 직항 허니문 해외 패키지,1,0,0.0,0,0.0
20250829_LDW_GUAM_ML_0005,괌 연휴 리조트 4박6일 홈쇼핑 대한항공 투어 여행 PIC 패키지 5박7일 사이판,1,0,0.0,0,0.0
20250902_LSR_BEPP_MRFO_0017,일본여행 패키지 날씨 다케산 료칸 항공권 직항 해외,1,0,0.0,0,0.0
20250829_KTM__MAKAO_DMK_0031,12월 홍콩 항공권 마카오 패키지 여행 관광 직항 날씨,1,0,0.0,0,0.0
20250829_CS_HL_GPT_0003,하와이 인천출발 패키지 와이키키 다이아몬드헤드 진주만 효도여행,3,1,33.33333333333333,53,53.0
20250901_LSR_HANOI_MKLKSH_0007,하노이 호핑투어 직항 해외 하롱베이 여행 휴양 자유,1,0,0.0,0,0.0
20250901_LSR_DANA_MKLKSH_0013,다낭 직항 일정 동남아 불상 관광지 야경 바나힐테마파크,1,0,0.0,0,0.0
20250829_LDW_GUAM_MKL_0004,괌 추석 라떼스톤공원 여행 사이판 PIC 사랑의절벽,1,0,0.0,0,0.0
20250829_CS_SA4C_ML_0002,남미핵심일주 패키지 아르헨티나 브라질 볼리비아 페루 우유니소금사막 파타고니아 크루즈,1,0,0.0,0,0.0
20250901_LSR_DANA_MKLKLO_0018,다낭 항공권 미케비치 해외 불상 휴양 베트남 패키지 크루즈 마사지 전망대,1,0,0.0,0,0.0
20250829_LSR_SINGAP_MKLKLO_0020,싱가포르 비치 먹거리 항공권 여행 허니문 가족 관광지 버스 체험 파크,1,0,0.0,0,0.0
20250829_CS_VC_DMK_0016,밴쿠버 10월 8박 캐나다여행 패키지 국적기 대한항공 아시아나항공,2,0,0.0,0,0.0
20250829_KTM_FRANCE_ML_0003,프랑스 가볼만한곳 여행 향수공방체험 숙소 힐링 노르망디 파리 날씨 가을,1,0,0.0,0,0.0
20250829_LDW_GUAM_GMK_0020,부산출발 리조트 여행 추석 사이판 패키지 괌 PIC 연휴,3,0,0.0,0,0.0
20250829_LSR_PHUKET_MMK_08,푸껫 리조트 태국 항공권 해외 직항 날씨 여행 패키지,1,0,0.0,0,0.0
20250829_CS_NG_SNK_0011,캐나다 미국 미동부 나이아가라 09월 패키지 여행코스 인천출발 6월 가족여행,1,0,0.0,0,0.0
20250901_LSR_DANA_MMK_0003,다낭 여행 일정 베트남 항공권 동남아 날씨 패키지 직항,1,0,0.0,0,0.0
20250829_LSR_PHUKET_NMTFA_03,11월 태국 패키지 해외 날씨 푸껫 항공권 여행 가을,1,0,0.0,0,0.0
20250829_CS_SF_CMK_0017,미주여행 패키지 미국 샌프란시스코 라스베가스 직항 그랜드캐년 대한항공,1,0,0.0,0,0.0
20250829_LDW_GUAM_DMK_0043,12월 PIC 추석 여행 괌 패키지,1,0,0.0,0,0.0
20250902_LSR_FUKYO_MKLKLO_0020,후쿠오카 교토 오사카 해외 교토 일본여행 날씨 패키지 온천 에어텔 여행,1,0,0.0,0,0.0
20250829_KTM_ZHANG_ML_0039,장가계 가을 힐링 5성급호텔 연휴 4박5일 아바타촬영지,1,0,0.0,0,0.0
20250829_CS_VC_CMK_0020,패키지 여행 캐나다 밴쿠버 로키산맥 국적기 대한항공 아시아나항공 직항,1,0,0.0,0,0.0
20250901_LSR_CEBU_MKRU_0007,세부 동남아 여행 산페드로요새 리조트 날씨 항공권 해외,1,0,0.0,0,0.0
20250902_LSR_OSAK_MKLKLO_0001,오사카 온천 간사이공항 직항 해외 여행 교토 패키지 리조트 일정 날씨,1,0,0.0,0,0.0
20250902_LSR_OSAK_MRR_0011,일본여행 항공권 날씨 도톤보리 패키지 해외,1,0,0.0,0,0.0
20250829_LDW_SYDNEY_MKL_0008,호주 6박7일 포트스티븐스 오페라하우스 가족 투어 시드니 패키지,1,0,0.0,0,0.0
20250829_CS_SA3C_GPT_0011,칸쿤 멕시코시티 소칼로광장 쿠바 아바나 올드카 여행,1,0,0.0,0,0.0
20250829_LDW_SYDNEY_DMK_0030,12월 호주 시드니 패키지 6박7일 여행 투어 가족,1,0,0.0,0,0.0
20250829_CS_LV_OT_0007,대한항공 여행 돌비극장 8대캐년 그리피스천문대 로스엔젤레스 피셔맨스워프 직항 그렌드캐년 미,3,0,0.0,0,0.0
20250829_CS_VC_SNK_0016,캐나다 미동부 동부 토론토 나이아가라 몬트리올 7박10일 인천출발 패키지,1,0,0.0,0,0.0
20250901_LSR_PHUQU_DMKTF_0017,12월 여행 3박5일 해외 동남아 푸꾸옥 항공권 베트남,5,0,0.0,0,0.0
20250829_CS_HL_SNK_0009,하와이 비용 4인가족 패키지 인천출발 대한항공,1,1,100.0,53,53.0
20250829_CS_SF_MKL_0008,캘리포니아코스탈트레일 국립공원 코이트타워 샌프란시스코 패키지 아시아나항공,1,0,0.0,0,0.0
20250902_LSR_TOKY_DTMR_0009,12월도쿄여행 오와쿠다니 일본 항공권 리조트 날씨 일정,1,0,0.0,0,0.0
20250829_LDW_SYDNEY_DMK_0012,11월 호주 투어 시드니 가족 패키지 6박7일 여행,1,0,0.0,0,0.0
20250829_KTM_HONGKONG_ML_0015,홍콩 도심 커플 비행시간 패키지 직항 여행 가격 호텔 힐링 가족 관광,1,0,0.0,0,0.0
20250902_LSR_FUKYO_OMKRT_0001,10월 일본여행 후쿠오카 항공권 오사카 직항 리조트,1,0,0.0,0,0.0
20250901_LSR_NHATR_NMKTF_0007,11월 여행 항공권 날씨 리조트 동남아 3박5일 해외,1,0,0.0,0,0.0
20250829_CS_SA4C_MLK_0016,마추픽추 소금호수 우유니소금사막 파타고니아 토레스델파이네 아르헨티나 페루 투어,2,0,0.0,0,0.0
20250829_CS_SA4C_MLK_0007,남미핵심일주 마추픽추 파타고니아 토레스델파이네 소금호수 볼리비아 아르헨티나 브라질 투어,1,0,0.0,0,0.0
20250829_LSR_PHUKET_MMK_17,푸껫 리조트 태국 항공권 해외 직항 여행 패키지 날씨,1,0,0.0,0,0.0
20250829_LSR_BANGK_MKLT_0006,방콕 야경 추천 가족 해외 직항 요트 여행 아시아티크 마사지 선셋 항공권,1,0,0.0,0,0.0
20250829_LSR_BANGK_MOMW_0004,방콕 추석연휴 리조트 패키지 10월 날씨 3박5일 해외,1,0,0.0,0,0.0
20250829_LDW_GUAM_MKL_0001,괌 차모로빌리지 사이판 라떼스톤공원 패키지 추석,1,0,0.0,0,0.0
20250829_LDW_SYDNEY_DMK_0046,1월 호주 시드니 패키지 6박7일 여행 가족 투어,1,0,0.0,0,0.0
20250829_CS_SF_GPT_0010,샌프란시스코 요세미티국립공원 금문교 롬바드스트리트 여행,1,0,0.0,0,0.0
20250829_LSR_PHUKET_MMK_10,푸껫 여행 날씨 직항 리조트 패키지 해외 태국 항공권,1,0,0.0,0,0.0
20250902_LSR_FUKYO_MKLKSH_0008,후쿠오카 날씨 패키지 간사이공항 일본여행 에어텔,1,0,0.0,0,0.0
20250901_LSR_HANOI_MKLKLO_0012,하노이 케이블카 동남아 야시장 야경 해외 날씨 직항 관광지 여행 하롱베이,1,0,0.0,0,0.0
20250902_LSR_TOKY_OTMR_0009,10월도쿄여행 항공권 직항 일정 에어텔 패키지 아시노호,1,0,0.0,0,0.0
20250901_LSR_PHUQU_NMKTF_0003,11월 동남아 날씨 항공권 패키지 베트남 푸꾸옥 직항,1,0,0.0,0,0.0
20250829_LSR_PHUKET_AMLP_03,푸껫 숙소 호핑투어 마사지 리조트 여행지 태국 디저트 쇼핑 항공권 해외,1,0,0.0,0,0.0
20250829_KTM__FRANCE_MKL_0006,프랑스 패키지 직항 항공권 비행시간 보르도와이너리 파리,1,0,0.0,0,0.0
20250902_LSR_TOKY_DTMR_0010,12월도쿄여행 직항 해외 일본 날씨 항공권 후지산,1,0,0.0,0,0.0
20250829_CS_HL_GPT_0012,하와이 인천출발 패키지 와이키키 하나우마베이 선셋비치 우정여행,1,0,0.0,0,0.0
20250829_CS_NY_GPT_0005,뉴욕 엣지전망대 베슬 모마미술관 패키지 여행,1,0,0.0,0,0.0
20250829_LDW_SYDNEY_CMK_0019,호주 가족 여행 투어 패키지 시드니 6박7일,1,0,0.0,0,0.0
20250829_CS_SF_MKL_0016,메세드 바이살리아 국립공원 샌프란시스코 패키지 아시아나항공,1,0,0.0,0,0.0
20250829_LSR_SINGAP_ICSTMD_0015,인천출발 항공권 날짜 해외 날씨 싱가포르 여행,1,0,0.0,0,0.0
20250829_CS_SA4C_GPT_0001,남미일주 페루 마추픽추 우유니소금사막 이과수폭포 아르헨티나 여행,1,0,0.0,0,0.0
20250901_LSR_DANA_MKRT_0015,다낭 직항 골든브릿지 날씨 패키지 여행 해외 레이디불다,2,1,50.0,53,53.0
20250829_CS_HL_MKL_0018,이올라니궁전 다이아몬드헤드 하나우마베이 하와이 아시아나항공 여행,1,0,0.0,0,0.0
20250829_KTM__SPAINPORTU_MKL_0013,스페인 포르투갈 항공권 패키지 여행 직항 바르셀로나,1,0,0.0,0,0.0
20250829_CS_SA4C_SNK_0007,대한항공 남미일주 패키지 아르헨티나 브라질 볼리비아 페루 마추픽추 모레노빙하 투어,1,0,0.0,0,0.0
20250901_LSR_BALI_DMKTF_0008,12월 리조트 패키지 인도네시아 동남아 3박5일 여행,1,0,0.0,0,0.0
20250829_LDW_SYDNEY_ML_0013,호주 가족 패키지 호텔 6박7일 골드코스트 인천출발 노쇼핑 여행사 시드니 6박7일 여행,1,0,0.0,0,0.0
20250901_LSR_HANOI_MMK_0014,하노이 하롱베이 여행 베트남 동남아 패키지 날씨 해외,1,0,0.0,0,0.0
20250829_KTM__SPAINPORTU_MKL_0020,스페인 포르투갈 직항 리스본 바르셀로나 관광 패키지,1,0,0.0,0,0.0
20250901_LSR_PHUQU_MKLKLO_0016,푸꾸옥 야시장 케이블카 패키지 리조트 호핑투어 베트남 직항 에어텔 항공권,34,1,2.941176470588235,53,53.0
20250902_LSR_OSAK_RAN_0015,일본여행 에어텔 오사카 교토 패키지 날씨 간사이공항,1,0,0.0,0,0.0
20250902_LSR_OSAK_RAN_0005,일본여행 리조트 인천출발 항공권 에어텔 교토 해외 일정,1,0,0.0,0,0.0
20250829_KTM_SPAINPORTU_ML_0019,스페인 포르투갈 직항 남유럽 일주 여행 관광 마드리드 가을철 숙소,1,0,0.0,0,0.0
20250829_CS_HL_ML_0014,하와이 와이키키 다이아몬드헤드 마노아폭포 하나우마베이 코코헤드 선셋비치 진주만 이올라니궁전,1,0,0.0,0,0.0
20250829_KTM_ITALY_ML_0008,이탈리아 피자 가을 숙소 관광 먹거리 여행 날씨 항공권,1,0,0.0,0,0.0
20250829_CS_LV_CMK_0007,8대캐년 직항 서부 패키지 그랜드캐년 대한항공 여행 미국 라스베가스,1,0,0.0,0,0.0
20250901_LSR_PHUQU_MKLKSH_0009,푸꾸옥 패키지 휴양 여행 에어텔 야시장 리조트 호핑투어,7,0,0.0,0,0.0
20250902_LSR_FUKYO_MKLKSH_0010,후쿠오카 여행 일본여행 커플여행 에어텔 나라 패키지,1,0,0.0,0,0.0
20250902_LSR_FUKYO_MKLKLO_0011,후쿠오카 여행 리조트 간사이공항 에어텔 직항 교토 나라 교토 항공권,1,0,0.0,0,0.0
20250902_LSR_TOKY_DTMR_0005,12월도쿄여행 에어텔 후지산 일정 날씨 해외 오와쿠다니,1,0,0.0,0,0.0
20250902_LSR_BEPP_MRR_0011,일본여행 항공권 유후인 날씨 해외 온천 직항 패키지,1,0,0.0,0,0.0
20250829_LSR_PHUKET_MKLK_04,태국 항공권 요트 여행 푸껫 해외 허니문 직항 날씨,1,0,0.0,0,0.0
20250901_LSR_KOTAKI_MKLKSH_0018,코타키나발루 호핑투어 리조트 말레이시아 관광지 야시장,1,0,0.0,0,0.0
20250829_LSR_PHUKET_AMLP_07,푸껫 호핑투어 요트 숙소 해외 마사지 쇼핑 직항 날씨 허니문 호텔 태국,1,0,0.0,0,0.0
20250829_CS_NY_CMK_0011,뉴욕 패키지 여행 미국 미동부 미국동부여행 항공권 대한항공 아시아나항공 인천출발,1,0,0.0,0,0.0
20250901_LSR_PHUQU_MKR_0007,푸꾸옥 여행 사오비치 동남아 국립공원 일정 베트남 직항,1,0,0.0,0,0.0
20250829_LDW_GUAM_GMK_0010,부산출발 여행 패키지 연휴 리조트 추석 사이판 PIC 괌,1,0,0.0,0,0.0
20250829_LDW_QZT_SNM_0018,뉴질랜드 효도여행 명소 하나투어 패키지 패키지 퀸즈타운,1,0,0.0,0,0.0
20250829_CS_LV_OT_0002,서부 그렌드캐년 미국 미서부패키지여행 그리피스천문대 여행 프리몬트스트리트 아시아나항공 8대,2,0,0.0,0,0.0
20250901_LSR_CEBU_OMKTF_0011,10월 세부 패키지 항공권 직항 동남아 날씨 일정,1,0,0.0,0,0.0
20250901_LSR_CEBU_OMKTF_0008,10월 항공권 3박5일 직항 리조트 세부 필리핀 여행,1,0,0.0,0,0.0
20250829_LDW_SAIPAN_MKL_0014,사이판 여행 새섬 리조트 타포차우 패키지 항공권 가족 PIC,1,0,0.0,0,0.0
20250902_LSR_OSAK_MKLKLO_0008,오사카 해외 패키지 에어텔 나라 교토 우메다 간사이공항 온천 항공권 여행,1,0,0.0,0,0.0
20250829_KTM__FRANCE_DMK_0047,12월 패키지 날씨 관광 파리 비행시간 직항 프랑스 항공권,1,0,0.0,0,0.0
20250902_LSR_FUKYO_MRR_0016,일본여행 여행 후쿠오카 오사카 날씨 캐널시티하카타,1,0,0.0,0,0.0
20250901_LSR_HANOI_MKLKSH_0016,하노이 날씨 하롱베이 여행 직항 동남아 야시장 해외,1,0,0.0,0,0.0
20250829_LSR_BANGK_MSMW_0001,방콕 패키지 날씨 직항 리조트 항공권 태국 9월,1,0,0.0,0,0.0
20250902_LSR_OSAK_DMKRT_0020,12월 직항 해외 여행 날씨 패키지 항공권 도톤보리,1,0,0.0,0,0.0
20250829_CS_LV_SNK_0020,미서부여행 아시아나항공 라스베가스여행 미국그랜드캐년 미주여행 LA직항 LA,1,0,0.0,0,0.0
20250829_CS_NY_GPT_0011,뉴욕 모마미술관 브루클린브리지 자유의여신상 패키지,1,0,0.0,0,0.0
20250901_LSR_DANA_MKLKLO_0001,다낭 마사지 항공권 리조트 동남아 일정 관광지 날씨 여행 휴양 직항,1,0,0.0,0,0.0
20250902_LSR_VANGV_MMK_0016,방비엥 일정 동남아 여행 리조트 라오스 날씨 해외 직항,1,0,0.0,0,0.0
20250902_LSR_TOKY_HMR_0008,하코네 해외 에어텔 일정 도쿄여행 리조트 일본 아시노호,1,0,0.0,0,0.0
20250829_LDW_QZT_GPT_0011,뉴질랜드 퀸즈타운 골프여행 패키지 상품,1,0,0.0,0,0.0
20250829_LDW_QZT_SNK_0016,퀸즈타운 하나투어 여행 휴일 여름 뉴질랜드 패키지,1,0,0.0,0,0.0
20250829_LDW_GUAM_DMK_0044,12월 PIC 괌 여행 리조트 추석,1,0,0.0,0,0.0
20250829_LDW_GUAM_GMK_0001,부산출발 여행 PIC 리조트 연휴 괌 추석 패키지 사이판,1,0,0.0,0,0.0
20250829_CS_SF_SNK_0018,샌프란시스코여행 미국서부여행 라스베가스여행 미주여행 그랜드캐년 투어 아시아나항공,1,0,0.0,0,0.0
20250829_KTM__HONGKONG_DMK_0010,11월 2박 3일 패키지 비행시간 마카오 여행 직항,2,0,0.0,0,0.0
20250901_LSR_PHUQU_MKLKLO_0015,푸꾸옥 야시장 패키지 여행 야경 베트남 해외 자유 직항 동남아 리조트,1,0,0.0,0,0.0
20250829_LSR_BANGK_MSMW_0012,방콕 태국 항공권 9월 패키지 리조트 가을 직항,1,0,0.0,0,0.0
20250829_LDW_SYDNEY_SNK_0013,호주 호텔 가족 패키지 시드니 여행사 4박6일,1,0,0.0,0,0.0
20250902_LSR_TOKY_RAN_0016,일본 도쿄타워 항공권 인천출발 해외 관광지 디즈니랜드,1,0,0.0,0,0.0
20250829_LDW_SYDNEY_SNM_0020,시드니 홈쇼핑 여행 멜버른 4박6일 호주,1,0,0.0,0,0.0
20250829_LSR_SINGAP_MMK_0011,싱가포르 여행 일정 해외 패키지 리조트 직항 항공권,1,0,0.0,0,0.0
20250829_LSR_BANGK_MSMW_0007,방콕 패키지 리조트 여행 추석연휴 직항 태국 항공권,2,0,0.0,0,0.0
20250829_LDW_GUAM_SNK_0015,대한항공 리조트 추석연휴 pic 괌패키지 부산출발 홈쇼핑 4박6일 사이판,1,0,0.0,0,0.0
20250829_LDW_SAIPAN_ML_0006,사이판 괌여행 연말 투어 올인클루시브 여행 스노클링 PIC 리조트 패키지 항공권 가족,1,0,0.0,0,0.0
20250901_LSR_CEBU_NMKTF_0013,11월 세부 날씨 패키지 리조트 필리핀 해외 항공권,3,0,0.0,0,0.0
20250829_CS_LV_ML_0004,부모님 피셔맨스워프 럭셔리 투어 연휴여행 해외가족여행 스타의거리 금문교 미서부여행 그랜드캐,1,0,0.0,0,0.0
20250901_LSR_NHATR_DMKTF_0011,12월 베트남 동남아 나트랑 항공권 날씨 일정 직항,1,0,0.0,0,0.0
20250829_CS_HL_GPT_0002,하와이 와이키키 다이아몬드헤드 하나우마베이 마노아폭포 패키지 아시아나항공,1,0,0.0,0,0.0
20250829_KTM__ENGLAND_DMK_0009,11월 가격 항공권 영국 9박 11일 관광 날씨,1,0,0.0,0,0.0
20250829_CS_NY_DMK_0016,미국 뉴욕 8박10일 2026년 가을 여행 패키지 국적기 대한항공 아시아나항공,1,0,0.0,0,0.0
20250829_LSR_BANGK_MOMW_0009,방콕 여행 직항 리조트 날씨 10월 태국 3박5일,1,0,0.0,0,0.0
20250901_LSR_KOTAKI_MKLKLO_0017,코타키나발루 항공권 관광지 야경 휴양 야시장 에어텔 직항 선셋 해외,1,0,0.0,0,0.0
20250829_LDW_SYDNEY_CMK_0011,호주 가족 6박7일 투어 여행 패키지 시드니,1,0,0.0,0,0.0
20250902_LSR_OSAK_RAN_0013,일본여행 도톤보리 리조트 간사이공항 인천출발 교토,2,0,0.0,0,0.0
20250829_LDW_SYDNEY_GPT_0020,호주 시드니 가족여행 패키지 자유일정 포함,1,0,0.0,0,0.0
20250902_LSR_OSAK_OMKRT_0002,10월 패키지 항공권 날씨 여행 직항 해외 일정,1,0,0.0,0,0.0
20250901_LSR_PHUQU_MKLKSH_0011,푸꾸옥 야경 직항 자유 케이블카 일정 항공권 여행,1,0,0.0,0,0.0
20250829_CS_LV_SNK_0014,미서부여행 아시아나항공 미국서부여행 모두투어 미주여행 라스베가스여행 미국그랜드캐년,1,0,0.0,0,0.0
20250829_LDW_SYDNEY_MKL_0005,호주 블루마운틴 포트스티븐스 투어 시드니 패키지 6박7일 가족,2,0,0.0,0,0.0
20250901_LSR_NHATR_MKR_0005,12월 일정 항공권 해외 여행 포나가르참탑 베트남,1,0,0.0,0,0.0
20250829_CS_SA4C_MLK_0001,남미일주 패키지 마추픽추 우유니소금사막 소금호수 이과수폭포 토레스델파이네 여행,1,0,0.0,0,0.0
20250829_LDW_SYDNEY_DMK_0059,1월 호주 투어 가족 시드니 패키지 6박7일 여행,1,0,0.0,0,0.0
20250829_CS_NY_CMK_0012,미국 뉴욕 여행 패키지 미동부 캐나다 미국동부여행 국적기 대한항공 아시아나항공 직항,1,0,0.0,0,0.0
20250829_CS_HL_SNK_0005,미국 하와이 패키지 가족 인천출발 대한항공,1,0,0.0,0,0.0
20250829_LDW_GUAM_GMK_0013,부산출발 추석 패키지 연휴 리조트 괌 PIC 사이판 여행,1,0,0.0,0,0.0
20250901_LSR_HANOI_DMKTF_0001,12월 하노이 패키지 직항 항공권 동남아 해외 일정,1,0,0.0,0,0.0
20250829_KTM__SPAINPORTU_DMK_0024,12월 직항 여행 항공권 남유럽 일주 가격 7박9일,1,0,0.0,0,0.0
20250829_CS_VC_ML_0014,캐나다여행 밴쿠버 밴프여행 오로라 여행코스 자유일정 가족여행 효도여행 패키지,1,0,0.0,0,0.0
20250829_KTM_ENGLAND_ML_0006,영국 해리포터 항공권 먹거리 흑맥주 패키지 런던 비행시간 관광 비틀즈,1,1,100.0,53,53.0
20250829_CS_NG_DMK_0010,2026년 인천출발 미동부 나이아가라 캐나다 미국 패키지 파크 가족여행,1,0,0.0,0,0.0
20250901_LSR_NHATR_MKLKLO_0019,나트랑 관광지 야시장 베트남 일정 동남아 패키지 리조트 야경 비치펍,1,0,0.0,0,0.0
20250901_LSR_HANOI_MKLKLO_0004,하노이 휴양 패키지 베트남 항공권 에어텔 야경 해외 관광지 직항 케이블카,1,0,0.0,0,0.0
20250829_LSR_BANGK_MNMW_0010,방콕 11월 항공권 패키지 직항 날씨 해외 여행,3,0,0.0,0,0.0
20250902_LSR_OSAK_RAN_0019,일본여행 패키지 간사이공항 일정 해외 날씨 교토 오사카,1,0,0.0,0,0.0
20250901_LSR_BALI_MMK_0016,발리 항공권 인도네시아 해외 패키지 동남아 리조트 직항,1,0,0.0,0,0.0
20250829_KTM__HONGKONG_DMK_0013,11월 비행시간 항공권 마카오 홍콩 날씨 관광 호텔,1,0,0.0,0,0.0
20250829_KTM__SWISS_CMK_0018,스위스 숙소 베른 비행시간 날씨 항공권 관광 여행,1,0,0.0,0,0.0
20250901_LSR_KOTAKI_MMK_0015,코타키나발루 리조트 말레이시아 여행 해외 직항 항공권,1,0,0.0,0,0.0
20250901_LSR_CEBU_MKRT_0011,세부 마젤란의십자가 날씨 패키지 직항 해외 리조트 여행,1,0,0.0,0,0.0
20250902_LSR_VANGV_MMK_0001,방비엥 해외 항공권 동남아 라오스 리조트 여행 직항,2,0,0.0,0,0.0
20250902_LSR_FUKYO_MKLKSH_0017,후쿠오카 교토 온천 에어텔 해외 리조트 나라 간사이공항,2,0,0.0,0,0.0
20250902_LSR_FUKYO_MMK_0016,후쿠오카 패키지 항공권 여행 직항 해외 일본여행 리조트,1,0,0.0,0,0.0
20250901_LSR_PHUQU_NMKTF_0019,11월 리조트 날씨 3박5일 일정 푸꾸옥 동남아 패키지,1,0,0.0,0,0.0
20250829_CS_NG_GPT_0017,나이아가라 미동부 미국 캐나다 09월 패키지 여행코스 인천출발 7월 가족여행,1,0,0.0,0,0.0
20250829_LDW_GUAM_MKL_0006,괌 파쉬아이해중전망대 투몬베이 PIC 사이판 추석,1,0,0.0,0,0.0
20250902_LSR_BEPP_RAN_0014,일본여행 직항 벳부 해외 날씨 간사이공항 온천 리조트,1,0,0.0,0,0.0
20250829_LDW_SYDNEY_MKL_0009,호주 투어 오페라하우스 가족 포트스티븐스 블루마운틴 6박7일,1,0,0.0,0,0.0
20250829_LDW_SYDNEY_MKL_0020,호주 가족 투어 포트스티븐스 시드니 6박7일 블루마운틴 여행,1,0,0.0,0,0.0
20250902_LSR_BEPP_MRFO_0020,일본여행 지옥순례 패키지 직항 유후인 료칸 해외 다케산,1,0,0.0,0,0.0
20250829_LDW_QZT_SNK_0001,퀸즈타운 휴일 뉴질랜드 패키지 하나투어 여행 여름,1,0,0.0,0,0.0
20250901_LSR_BALI_DMKTF_0001,12월 발리 동남아 직항 패키지 인도네시아 항공권,1,0,0.0,0,0.0
20250829_LDW_QZT_GPT_0004,퀸즈타운 뉴질랜드 가족여행 패키지 자유일정 포함,1,0,0.0,0,0.0
20250901_LSR_CEBU_MKLKSH_0010,세부 쇼핑 직항 여행 대관람차 호핑 동남아 해외 관광지,1,0,0.0,0,0.0
20250902_LSR_BEPP_NMKRT_0019,11월 온천 다케산 해외 항공권 벳부 일본여행 직항,1,0,0.0,0,0.0
20250829_CS_SF_SNK_0010,샌프란시스코여행 그랜드캐년 라스베가스여행 미주여행 미국서부여행 투어 아시아나항공,1,0,0.0,0,0.0
20250829_KTM__SWISS_DMK_0069,12월 베른 관광 직항 날씨 여행 서유럽 비행시간,1,0,0.0,0,0.0
20250829_KTM__HONGKONG_DMK_0005,11월 여행 2박 3일 마카오 홍콩 패키지 날씨,3,0,0.0,0,0.0
20250902_LSR_TOKY_RAN_0002,일본 여행 디즈니랜드 인천출발 도쿄타워 자유 날씨,1,0,0.0,0,0.0
20250829_CS_SA3C_GPT_0014,멕시코 칸쿤 카리브해 리비에라마야 쿠바 패키지,1,0,0.0,0,0.0
20250829_LSR_BANGK_MPS_0019,방콕 코타키나발루 여행 직항 추석연휴 싱가포르 날씨,1,0,0.0,0,0.0
20250829_KTM_SWISS_ML_0015,스위스 관광 먹거리 직항 베른 항공권 가볼만한곳 가족 취리히 힐링 자연,1,0,0.0,0,0.0
20250902_LSR_VANGV_MMK_0009,방비엥 일정 해외 여행 동남아 항공권 리조트 날씨 직항,1,0,0.0,0,0.0
20250901_LSR_HANOI_MKLKLO_0006,하노이 야시장 여행 에어텔 리조트 패키지 자유 일정 직항 해외 동남아,1,0,0.0,0,0.0
20250901_LSR_DANA_MKRUT_0019,다낭 베트남 항공권 해외 용다리 일정 날씨 리조트 직항,1,0,0.0,0,0.0
20250829_CS_VC_DMK_0011,밴프 밴쿠버 2026년 상반기 6박8일 캐나다 여행 패키지 국적기,3,0,0.0,0,0.0
20250829_CS_SA4C_MLK_0014,남미일주 마추픽추 소금호수 우유니소금사막 이과수폭포 브라질 아르헨티나 볼리비아,1,0,0.0,0,0.0
20250901_LSR_PHUQU_MKLKLO_0006,푸꾸옥 동남아 일정 관광지 직항 야시장 케이블카 리조트 여행 에어텔,1,0,0.0,0,0.0
20250902_LSR_OSAK_MKLKSH_0011,오사카 여행 해외 간사이공항 교토 직항 나라 온천 일본,2,0,0.0,0,0.0
20250829_LDW_SYDNEY_DMK_0041,1월 호주 패키지 6박7일 투어 가족 여행 시드니,1,0,0.0,0,0.0
20250901_LSR_BALI_MKLKLO_0020,발리 우붓시장 항공권 야경 해외 일정 날씨 리조트 호핑투어 비치 패키지,1,0,0.0,0,0.0
20250902_LSR_VANGV_MMK_0008,방비엥 날씨 동남아 라오스 항공권 리조트 직항 해외,1,0,0.0,0,0.0
20250829_LDW_SYDNEY_GPT_0019,호주 시드니 여행패키지 3박4일 특가상품,1,0,0.0,0,0.0
20250829_CS_NG_OT_0013,미동부 미극 개나다 패키쥐 09월 나이아거라 여헹코스 인쳔출발 8월 효도여헹,1,0,0.0,0,0.0
20250901_LSR_HANOI_NMKTF_0013,11월 직항 날씨 동남아 여행 리조트 패키지 3박5일,1,0,0.0,0,0.0
20250901_LSR_DANA_MKRUT_0010,다낭 용다리 항공권 패키지 리조트 해외 여행 일정 직항,1,0,0.0,0,0.0
20250829_KTM__ZHANG_MKL_0014,장가계 원가계 추석연휴 힐링 72기루 중국 여행 항공권,1,0,0.0,0,0.0
20250829_LDW_GUAM_MKL_0010,괌 투몬베이 라떼스톤공원 패키지 추석 PIC 여행,1,0,0.0,0,0.0
20250902_LSR_BEPP_MKLKSH_0015,벳부 에어텔 리조트 간사이공항 유후인 항공권 일본 날씨,1,0,0.0,0,0.0
20250829_CS_SA4C_CMK_0013,아르헨티나 브라질 볼리비아 페루 남미핵심일주 패키지 남미일주 인천출발 중남미여행,1,0,0.0,0,0.0
20250902_LSR_FUKYO_MMK_0004,후쿠오카 여행 리조트 오사카 항공권 직항 날씨 패키지,1,0,0.0,0,0.0
20250829_KTM_FRANCE_ML_0004,프랑스 여행 가볼만한곳 부르기뇽 먹거리 향수공방체험 관광 가을 에스카르고,1,0,0.0,0,0.0
20250902_LSR_FUKYO_RAN_0017,일본여행 해외 오사카 후쿠오카 패키지 항공권 황금연휴,3,1,33.33333333333333,53,53.0
20250829_CS_NG_OT_0009,나이아거라 미동부 미극 개나다 패키쥐 여헹코스 인쳔출발 하반기 클리프턴힐 효도여헹,1,0,0.0,0,0.0
20250829_LDW_SYDNEY_DMK_0021,12월 호주 투어 여행 가족 패키지 시드니 6박7일,1,0,0.0,0,0.0
20250829_KTM_ZHANG_ML_0046,장가계 5성급호텔 힐링 중국 원가계 패키지 여행 가을,1,0,0.0,0,0.0
20250829_LDW_SYDNEY_DMK_0060,1월 호주 가족 여행 투어 시드니 패키지 6박7일,1,0,0.0,0,0.0
20250829_KTM__ITALY_DMK_0037,12월 직항 여행 패키지 날씨 가격 관광 9박11일,1,0,0.0,0,0.0
20250829_LDW_QZT_CMK_0020,뉴질랜드 퀸즈타운 가족여행 여행 패키지,1,0,0.0,0,0.0
20250829_LSR_BANGK_MKLT_0004,방콕 크루즈 가족 날씨 야경 아시아티크 선셋 해외 투어 쇼핑 직항 야시장,1,0,0.0,0,0.0
20250902_LSR_OSAK_RAN_0002,일본여행 에어텔 간사이공항 패키지 일정 인천출발 교토,2,1,50.0,53,53.0
20250829_CS_NG_SNK_0003,미동부 미국 캐나다 패키지 09월 나이아가라 여행코스 인천출발 8월 효도여행,1,0,0.0,0,0.0
20250829_KTM__SPAINPORTU_MKL_0001,스페인 포르투갈 패키지 남유럽 일주 관광 바르셀로나,1,0,0.0,0,0.0
20250829_LDW_GUAM_DMK_0005,2025년 11월 PIC 패키지 추석 사이판,1,0,0.0,0,0.0
20250829_LDW_SAIPAN_MKL_0009,사이판 패키지 여행 마나가하섬 타포차우 그로토 새섬 가족,1,0,0.0,0,0.0
20250829_CS_VC_GPT_0019,밴쿠버 밴프 로키산맥 여행 캐나다 일정 5박7일,1,0,0.0,0,0.0
20250829_LDW_SYDNEY_SNK_0010,호주 4박6일 시드니 여행 6일 여행사 홈쇼핑,1,0,0.0,0,0.0
20250829_LSR_BANGK_MMK_0014,방콕 패키지 항공권 여행 리조트 태국 해외 추석연휴,1,0,0.0,0,0.0
20250829_CS_NY_CMK_0006,뉴욕 패키지 여행 미국 캐나다 미동부 미국동부여행 항공권 대한항공 아시아나항공,1,0,0.0,0,0.0
20250829_KTM__SWISS_DMK_0040,11월 스위스 가격 날씨 9박11일 베른 여행,1,0,0.0,0,0.0
20250901_LSR_KOTAKI_DMKTF_0005,12월 동남아 해외 여행 리조트 직항 일정 코타키나발루,1,0,0.0,0,0.0
20250829_CS_SA3C_CMK_0018,멕시코시티 쿠바 칸쿤 여행 인천출발 국적기 항공 아시아나,1,0,0.0,0,0.0
20250901_LSR_NHATR_OMKTF_0020,10월 여행 베트남 직항 나트랑 날씨 리조트 패키지,1,1,100.0,53,53.0
20250829_LDW_GUAM_DMK_0059,12월 괌 PIC 여행 패키지 추석,1,0,0.0,0,0.0
20250902_LSR_BEPP_DMKRT_0004,12월 유후인 해외 날씨 패키지 벳부 리조트 항공권,1,0,0.0,0,0.0
20250829_LSR_SINGAP_OMKTF_0013,10월 항공권 싱가포르 여행 해외 날씨 3박5일,1,0,0.0,0,0.0
20250829_KTM_MONGO_ML_0045,몽골 가격 패키지 항공권 여행 별 관광 초원 양고기 직항 테렐지 힐링,1,0,0.0,0,0.0
20250829_LDW_BRISBANE_DMK_0032,1월 가족여행 5박7일 패키지 여행 호주 브리즈번 단체관광,1,0,0.0,0,0.0
20250829_KTM_HIN_NCK_0021,패키지 베이징 백두산 충칭 샤먼 몽골 하이난 장가계 상하이,1,0,0.0,0,0.0
20250829_LDW_LTL_SNK_0005,로토루아 09월 패키지 뉴질랜드 보라보라섬 남북섬 여행,1,0,0.0,0,0.0
20250829_LDW_BRISBANE_ML_0018,브리즈번 5박7일 호주 시드니 가족여행 패키지 왕복 비행기값 투어 여행 코알라 단체관광,4,1,25.0,53,53.0
20250829_CS_TR_CMK_0003,토론토 여행 패키지 캐나다 나이아가라 미동부 국적기 대한항공 인천출발,1,0,0.0,0,0.0
20250829_CS_GC_MKL_0016,아시아나항공 프리몬트스트리트 피셔맨스워프 금문교 그랜드캐년 라스베가스 미국 여행 피어39,1,0,0.0,0,0.0
20250829_KTM_HIN_ML_0012,하이난 해변 가족 야경 호캉스 여행 3박4일 리조트 커플 패키지 가격,1,0,0.0,0,0.0
20250829_KTM_GUILIN_DML_0041,12월 날씨 여행 계림 중국 커플 항공권 힐링 무비자 패키지 발마사지,1,0,0.0,0,0.0
20250829_CS_BF_ML_0016,나이아가라폭포 나이아가라유람선 테이블락 나이아가라헬기 와이너리식사 폭포전망스테이크 일정,1,0,0.0,0,0.0
20250901_LSR_BORAC_MKLKLO_0001,보라카이 직항 일정 동남아 쇼핑 해외 에메랄드바다 호핑 케이블카 항공권,1,0,0.0,0,0.0
20250829_CS_WT_DMK_0003,뉴욕 여행 미동부 패키지 2026년 항공권 10월 대한항공 7일 노팁,1,0,0.0,0,0.0
20250901_LSR_BORAC_MKLKSH_0017,보라카이 쇼핑 가족 일정 필리핀 패키지 에메랄드바다,1,0,0.0,0,0.0
20250829_CS_CG_GPT_0014,캘거리 에메랄드호수 밴프 로키산맥 여행 일정,1,0,0.0,0,0.0
20250902_LSR_KOBE_MRR_0012,일본 항공권 날씨 패키지 리조트 고베 우메다스카이빌딩,1,0,0.0,0,0.0
20250829_LDW_BRISBANE_CMK_0019,브리즈번 가족여행 패키지 단체관광 호주 여행,1,0,0.0,0,0.0
20250902_LSR_KOBE_MRR_0020,일본 유니버셜스튜디오 고베 해외 패키지 항공권 날씨,1,0,0.0,0,0.0
20250829_CS_CG_GPT_0002,캘거리 밴프 에메랄드호수 국립공원 곤돌라 일정 패키지,1,0,0.0,0,0.0
20250829_KTM_HIN_DML_0029,11월 커플 패키지 힐링 3박4일 리조트 여행 가격 가족 5성급호텔,2,0,0.0,0,0.0
20250902_LSR_KOBE_NMKRT_0025,11월 유니버셜스튜디오 여행 패키지 직항,2,0,0.0,0,0.0
20250829_CS_QB_MKL_0020,캐나다 미국 여행 나이아가라 퀘벡 몬트리올 노트르담성당 포함 일정,1,0,0.0,0,0.0
20250829_KTM_MONGO_ML_0058,몽골 패키지 직항 여행 승마 관광 초원 별 가족 가격 밤하늘 커플 항공권,5,0,0.0,0,0.0
20250829_KTM_GONM_DML_0025,11월 산 5성급호텔 곤명 여강 여행 트레킹 날씨 관광 항공권 패키지,2,1,50.0,53,53.0
20250901_LSR_MANIL_NMKTF__0008,11월 동남아 패키지 마닐라 일정 리조트 직항 해외,1,0,0.0,0,0.0
20250829_KTM__MONGO_DMK_0022,11월 몽골 테렐지 날씨 패키지 여행 2박 4일 관광,1,0,0.0,0,0.0
20250829_LDW_SYDNEY_GBM_0015,부산출발 호주 부산출발 패키지 시드니 6박7일,2,1,50.0,53,53.0
20250829_CS_GC_GPT_0002,그랜드캐년 요세미티 자이언캐년 앤텔로프캐년 미서부 패키지,1,0,0.0,0,0.0
20250902_LSR_KOBE_MRFIV_0006,일본 도톤보리 여행 직항 리조트 우메다스카이빌딩,1,0,0.0,0,0.0
20250901_LSR_BORAC_MKLKSH_0013,보라카이 에메랄드바다 항공권 패키지 동남아 일정 해외,2,0,0.0,0,0.0
20250829_KTM__MONGO_DMK_0052,12월 날씨 몽골 항공권 2박 4일 여행 관광 무비자,1,0,0.0,0,0.0
20250901_LSR_BORAC_MMK_0022,보라카이 항공권 패키지 여행 필리핀 직항 동남아 해외,1,0,0.0,0,0.0
20250902_LSR_KOBE_RAN_0007,일본여행 리조트 오사카 날씨 직항 신사이바시 도톤보리,1,0,0.0,0,0.0
20250829_CS_BF_OT_0009,캘거니 캐나다 여햄 패키지 밴프 로키산맥 국적기 아시아나,1,0,0.0,0,0.0
20250829_KTM_HIN_ML_0011,하이난 커플 항공권 가격 호캉스 가족 3박4일 여행 5성급호텔 패키지,1,0,0.0,0,0.0
20250829_LDW_BRISBANE_DMK_0024,1월 5박7일 패키지 여행 호주 브리즈번 단체관광 가족여행,1,0,0.0,0,0.0
20250901_LSR_BORAC_MKLKLO_0027,보라카이 해외 케이블카 추천 쇼핑 동남아 여행 호핑 필리핀 관광지 가족,1,0,0.0,0,0.0
20250901_LSR_BORAC_MKLKSH_0010,보라카이 스쿠버다이빙 에메랄드바다 날씨 동남아 보트,1,0,0.0,0,0.0
20250902_LSR_HACO_MKLKLO_0018,하코네 패키지 자유 감성숙소 일본 항공권 료칸 준비물 후지산 직항 일정,1,0,0.0,0,0.0
20250829_KTM_GONM_DML_0054,12월 항공권 곤명 자연 중국 산 5성급호텔 힐링 4박6일 트레킹 패키지,1,0,0.0,0,0.0
20250902_LSR_KOBE_NMKRT_0027,11월 직항 오사카 유니버셜스튜디오 패키지 고베 날씨,2,0,0.0,0,0.0
20250829_CS_TR_MKL_0007,토론토 나이아가라 몬트리올 퀘벡 옐로나이프 캐나다 여행 패키지,1,0,0.0,0,0.0
20250902_LSR_KOBE_MKLKSH_0017,일본고베 직항 교토 커플여행 온천 해외 항공권 오사카,1,0,0.0,0,0.0
20250829_KTM__AFRICA_ML_0015,아프리카핵심4국 특식 겨울철 낙원 남아공 힐링 가을철 사파리투어 케냐,1,0,0.0,0,0.0
20250902_LSR_KOBE_RAN_0005,일본여행 오사카 도톤보리 신사이바시 항공권 리조트 해외,1,0,0.0,0,0.0
20250901_LSR_BORAC_MKR_0011,보라카이 패키지 여행 직항 마운트루호전망대 일정 항공권,1,0,0.0,0,0.0
20250901_LSR_MANIL_ICM__0027,인천출발 패키지 대성당 포트산티아고 항공권 여행 필리핀,1,0,0.0,0,0.0
20250901_LSR_CLOC_MKRUT_0001,필리핀 여행 항공권 다이너소어스아일랜드 해외 패키지,2,0,0.0,0,0.0
20250829_KTM__GONM_DMK_0032,11월 가격 항공권 관광 패키지 여강 여행 곤명 날씨,1,0,0.0,0,0.0
20250829_CS_TR_DMK_0007,캐나다 7월 토론토 8박 여행 나이아가라 패키지 국적기,1,0,0.0,0,0.0
20250829_KTM_GERMAN_ML_0011,독일 중세도시 맥주 힐링 가격 항공권 숙소 패키지 미식 유람선 일주 관광,1,0,0.0,0,0.0
20250901_LSR_BORAC_MKLKLO_0006,보라카이 관광지 쇼핑 가족 스쿠버다이빙 보트 에메랄드바다 케이블카 동남아,1,0,0.0,0,0.0
20250829_LDW_BRISBANE_DMK_0010,12월 여행 호주 가족여행 패키지 브리즈번 단체관광 5박7일,1,0,0.0,0,0.0
20250829_KTM__NORTHEUROPE_MKL_0007,덴마크 노르웨이 스웨덴 핀란드 패키지 카이로 헬싱키,2,0,0.0,0,0.0
20250829_KTM__GUILIN_DMK_0013,11월 직항 관광 여행 항공권 가격 패키지 날씨,1,0,0.0,0,0.0
20250829_KTM_MONGO_DML_0020,11월 패키지 여행 승마 커플 관광 별 초원 가족 울란바토르 몽골 가격,3,0,0.0,0,0.0
20250829_LSR_CHIAM_TRIPMK_0005,해외여행 직항 리조트 일정 치앙마이 항공권 패키지,1,0,0.0,0,0.0
20250829_KTM__HIN_MKL_0002,하이난 파인애플몰 천애해각 날씨 리조트 대동해 가격,1,0,0.0,0,0.0
20250902_LSR_KOBE_OMKRT_0003,10월 우메다스카이빌딩 일본 패키지 항공권,1,0,0.0,0,0.0
20250829_LDW_LTL_MKL_0008,로토루아 테푸이아 레드우드 호수 마오리빌리지 폴리네시안스파,1,0,0.0,0,0.0
20250901_LSR_MANIL_MKR__0027,마닐라 직항 패키지 리잘공원 필리핀 대성당 인트라무로스,1,0,0.0,0,0.0
20250829_CS_BF_SNK_0009,에메랄드호수 캘거리직항 밴프 로키산맥 캐나다여행 일정 인천출발,4,0,0.0,0,0.0
20250901_LSR_CLOC_NMKTF_0018,11월 필리핀 항공권 일정 직항 리조트 동남아 패키지,1,0,0.0,0,0.0
20250829_LSR_CHIAM_NMTFPC_0008,11월 일정 치앙마이 관광지 항공권 직항 리조트 태국,1,0,0.0,0,0.0
20250829_CS_QB_DMK_0004,미국 캐나다 패키지 여행 2026년 1월 출발 10일 일정 인천출발 나이아가라 퀘벡 포함,1,0,0.0,0,0.0
20250829_LDW_BRISBANE_DMK_0021,1월 단체관광 가족여행 호주 패키지 5박7일 브리즈번 여행,1,0,0.0,0,0.0
20250902_LSR_KOBE_MKLKLO_0011,일본고베 오사카 리조트 패키지 간사이공항 에어텔 온천 커플여행 해외 교토,1,0,0.0,0,0.0
20250829_KTM__MONGO_CMK_0022,몽골 여행 관광 테렐지 항공권 무비자 날씨 패키지,1,0,0.0,0,0.0
20250902_LSR_KOBE_MKLKSH_0016,일본고베 교토 여행 간사이공항 직항 나라 오사카 온천,1,0,0.0,0,0.0
20250901_LSR_CLOC_MMK_0006,클락 리조트 여행 직항 동남아 항공권 날씨 해외 필리핀,1,0,0.0,0,0.0
20250829_LDW_BRISBANE_ML_0013,브리즈번 투어 여행 별및 시드니 크루즈 5박7일 패키지 왕복 단체관광 일정 코알라 가족여행,1,0,0.0,0,0.0
20250901_LSR_BORAC_NMKTF_0009,11월 날씨 필리핀 직항 여행 패키지 항공권 보라카이,1,0,0.0,0,0.0
20250829_LDW_SYDNEY_GBM_0012,부산출발 호주 부산출발 시드니 6박7일 투어,1,0,0.0,0,0.0
20250829_KTM_GONM_DML_0043,12월 가을 트레킹 자연 단풍 산 여행 중국 항공권 여강 가격 패키지,1,0,0.0,0,0.0
20250829_LSR_CHIAM_TRIPMK_0003,해외여행 일정 태국 항공권 치앙마이 직항 리조트 패키지,4,0,0.0,0,0.0
20250902_LSR_KOBE_MKLKLO_0014,일본고베 직항 여행 커플여행 오사카 나라 간사이공항 리조트 날씨 항공권,1,1,100.0,53,53.0
20250829_KTM_GONM_DML_0045,12월 힐링 여행 날씨 중국 단풍 패키지 자연 산 여강 트레킹 가을,1,0,0.0,0,0.0
20250902_LSR_KOBE_MKLKLO_0010,일본고베 나라 오사카 해외 커플여행 여행 교토 패키지 직항 간사이공항,1,0,0.0,0,0.0
20250902_LSR_KOBE_MRFIV_0020,일본 유니버셜스튜디오 날씨 오사카 우메다스카이빌딩,1,0,0.0,0,0.0
20250829_LSR_CHIAM_NMTFPC_0025,11월 항공권 치앙마이 일정 태국 날씨 직항 3박5일,1,0,0.0,0,0.0
20250829_KTM_MONGO_ML_0015,몽골 힐링 별 날씨 밤하늘 승마 가격 직항 패키지 가족 양고기 관광 초원,1,0,0.0,0,0.0
20250829_LSR_CHIAM_MMK_0016,치앙마이 해외 태국 항공권 날씨 일정 직항 패키지,1,0,0.0,0,0.0
20250829_LSR_CHIAM_MKLP_0009,치앙마이 야시장 패키지 항공권 추천 직항 체험 리조트 트레킹 쇼핑 사파리,1,0,0.0,0,0.0
20250901_LSR_BORAC_OMKTF_0007,10월 동남아 날씨 패키지 여행 필리핀 직항 리조트,1,0,0.0,0,0.0
20250829_KTM__AFRICA_ML_0028,아프리카핵심4국 탄자니아 겨울철 가볼만한곳 크루즈 사파리투어 케이블카,1,0,0.0,0,0.0
20250902_LSR_TOKY_MKLKLO_0007,도쿄 항공권 해외 일본 일정 패키지 준비물 직항 리조트 감성숙소 에어텔,1,0,0.0,0,0.0
20250901_LSR_BORAC_MKLKSH_0005,보라카이 날씨 케이블카 직항 동남아 에메랄드바다 가족,1,0,0.0,0,0.0
20250901_LSR_BORAC_MKLKLO_0013,보라카이 가족 에메랄드바다 해외 스쿠버다이빙 직항 쇼핑 여행 관광지,1,0,0.0,0,0.0
20250901_LSR_CLOC_NMKTF_0005,11월 날씨 해외 리조트 패키지 여행 동남아 필리핀,1,0,0.0,0,0.0
20250829_KTM__HIN_CMK_0001,하이난 중국 리조트 여행 날씨 항공권 패키지 관광 가격,1,0,0.0,0,0.0
20250829_KTM_MONGO_DML_0056,11월 날씨 울란바토르 가격 패키지 초원 항공권 커플 승마 게르 관광 별,1,0,0.0,0,0.0
20250829_LDW_LTL_ICH_0008,인천출발 남북섬 패키지 여행 로토루아 뉴질랜드,1,0,0.0,0,0.0
20250829_LDW_BRISBANE_DMK_0058,2월 브리즈번 단체관광 여행 호주 가족여행 5박7일 패키지,1,0,0.0,0,0.0
20250829_CS_TR_ML_0014,토론토 캐나다여행 캐나다동부 미동부 관광지 나이아가라 폭포 미국여행 미국패키지 관광코스 일,3,0,0.0,0,0.0
20250902_LSR_HACO_MKLKSH_0019,하코네 항공권 료칸 패키지 리조트 감성숙소 날씨 후지산,1,0,0.0,0,0.0
20250829_KTM_HIN_ML_0009,하이난 관광 해변 호캉스 야경 5성급호텔 항공권 패키지 가격 날씨 리조트,1,0,0.0,0,0.0
20250902_LSR_HACO_MMK_0030,하코네 해외 날씨 도쿄여행 항공권 일본 직항 일정,1,0,0.0,0,0.0
20250829_LSR_CHIAM_NMTFPC_0010,11월 날씨 리조트 패키지 직항 관광지 항공권 3박5일,1,0,0.0,0,0.0
20250829_KTM__HIN_MKL_0029,하이난 날씨 항공권 여행 패키지 대동해 천애해각 중국,1,0,0.0,0,0.0
20250829_CS_TR_MKL_0005,토론토 나이아가라 몬트리올 퀘벡 블루제이스 캐나다 여행 국적기,1,0,0.0,0,0.0
20250829_CS_QB_ML_0009,퀘벡 캐나다패키지 미국여행 나이아가라 몽모렌시폭포 몬트리올 미동부 럭셔리 일정 허니문 가족,1,0,0.0,0,0.0
20250829_LDW_LTL_SNM_0005,여행 보라보라섬 패키지 뉴질랜드 로토루아,1,0,0.0,0,0.0
20250902_LSR_TOKY_OMKRT_0012,10월 해외 날씨 여행 리조트 도쿄 항공권 일정 패키지 일본 디즈니랜드,1,0,0.0,0,0.0
20250829_CS_QB_MKL_0013,캐나다 미국 여행 나이아가라 퀘벡 몬트리올 로렌시안 트리탑 패키지,1,0,0.0,0,0.0
20250902_LSR_KOBE_DMKRT_0017,12월 해외 리조트 유니버셜스튜디오 패키지 날씨 고베,1,0,0.0,0,0.0
20250829_KTM__NORTHEUROPE_MKL_0020,덴마크 노르웨이 스웨덴 핀란드 여행 코펜하겐 스톡홀름,1,0,0.0,0,0.0
20250829_LDW_LTL_GPT_0008,로토루아 온천스파 자유여행+패키지 뉴질랜드,1,0,0.0,0,0.0
20250829_LDW_SYDNEY_GBM_0010,부산출발 호주 여행 가족 6박7일 투어 패키지,1,0,0.0,0,0.0
20250901_LSR_BORAC_MMK_0028,보라카이 리조트 동남아 직항 패키지 항공권 여행 필리핀,1,0,0.0,0,0.0
20250829_KTM_HIN_NCK_0002,여행 구채구 몽골 하이난 장가계 충칭 상하이 베이징 백두산,1,0,0.0,0,0.0
20250829_KTM_AFRICA_DML_0017,11월 여행 케냐 크루즈 남아공 가을철 힐링 탄자니아 사파리투어 겨울철,2,0,0.0,0,0.0
20250829_KTM__NORTHEUROPE_MKL_0018,덴마크 노르웨이 스웨덴 핀란드 카이로 헬싱키 패키지,2,0,0.0,0,0.0
20250902_LSR_KOBE_MRFIV_0024,일본 리조트 도톤보리 유니버셜스튜디오 우메다스카이빌딩,2,0,0.0,0,0.0
20250902_LSR_KOBE_OMKRT_0006,10월 여행 오사카 직항 항공권 유니버셜스튜디오 패키지,1,0,0.0,0,0.0
20250829_KTM_GUILIN_DML_0040,12월 양삭 가격 날씨 무비자 먹방 여행 커플 항공권 계림 패키지 특식,1,0,0.0,0,0.0
20250901_LSR_MANIL_OMKTF__0003,10월 여행 필리핀 항공권 날씨 패키지 일정 직항 해외,1,0,0.0,0,0.0
20250901_LSR_BORAC_NMKTF_0021,11월 동남아 여행 패키지 필리핀 직항 3박4일 날씨,1,0,0.0,0,0.0
20250829_CS_WT_ML_0018,토론토 현지투어 노팁관광여행 아이비리그탐방 8대학탐방 여행가기좋은곳 핵심관광 브루클린브리지,1,0,0.0,0,0.0
20250829_KTM_GONM_DML_0017,11월 가을 곤명 관광 4박6일 날씨 여강 항공권 중국 여행 산 패키지,1,0,0.0,0,0.0
20250829_KTM_GUILIN_DML_0026,11월 무비자 5성급호텔 특식 가족 항공권 발마사지 3박5일 먹방 힐링,1,0,0.0,0,0.0
20250829_KTM__GERMAN_MKL_0011,독일 직항 베를린 프랑크푸르트 패키지 포츠담 가격,2,0,0.0,0,0.0
20250829_KTM__HIN_DMK_0012,11월 가격 날씨 중국 여행 패키지 항공권 하이난 관광,1,0,0.0,0,0.0
20250829_LSR_CHIAM_MMK_0012,치앙마이 리조트 해외 날씨 직항 일정 태국 항공권 여행,1,0,0.0,0,0.0
20250902_LSR_TOKY_MKLKLO_0018,도쿄 에어텔 직항 패키지 일본 감성숙소 항공권 일정 료칸 여행 해외 온천,1,0,0.0,0,0.0
20250829_LDW_BRISBANE_ML_0007,브리즈번 호주 일정 별및 코알라 시드니 단체관광 선샛 비행기값 왕복 크루즈 투어 5박7일,1,0,0.0,0,0.0
20250829_LDW_BRISBANE_SNK_0008,브리즈번 패키지 아시아나 호주 여행 시드니 5박7일,1,0,0.0,0,0.0
20250829_CS_WT_GPT_0004,워싱턴 백악관 국회의사당 프린스턴대학교 여행 패키지,1,0,0.0,0,0.0
20250829_KTM__HIN_MKL_0013,하이난 관광 리조트 중국 날씨 여행 항공권 대동해,1,0,0.0,0,0.0
20250902_LSR_KOBE_NMKRT_0003,11월 항공권 날씨 리조트 우메다스카이빌딩 여행,1,0,0.0,0,0.0
20250829_KTM__NORTHEUROPE_MKL_0022,덴마크 노르웨이 스웨덴 핀란드 스톡홀름 카이로 패키지,1,0,0.0,0,0.0
20250829_LDW_LTL_GPT_0016,오클랜드 출발 뉴질랜드 로토루아 여행 패키지,1,0,0.0,0,0.0
20250829_KTM_GUILIN_DML_0022,11월 직항 힐링 관광 3박5일 중국 특식 먹방 양삭 무비자 항공권,1,0,0.0,0,0.0
20250829_CS_QB_DMK_0002,11월 캐나다 패키지 여행 8일 일정 몬트리올 나이아가라 포함 국적기 직항,1,0,0.0,0,0.0
20250829_KTM_GUILIN_ML_0005,계림 5성급호텔 직항 가족 3박5일 발마사지 날씨 먹방 항공권 힐링 관광,1,0,0.0,0,0.0
20250829_KTM_HIN_DML_0041,12월 관광 하이난 여행 커플 가격 패키지 가족 호캉스 야경 중국 해변,4,0,0.0,0,0.0
20250829_CS_WT_OT_0003,링컨기념관 패키지 노옵션 대한항공 인천출발 미국동부어행 노쇼핑 워싱턴 여행 911메모리얼,2,0,0.0,0,0.0
20250902_LSR_KOBE_RAN_0021,일본여행 리조트 도톤보리 유니버셜스튜디오 신사이바시,2,0,0.0,0,0.0
20250829_KTM_HIN_ML_0024,하이난 커플 야경 5성급호텔 호캉스 중국 힐링 날씨 항공권 해변 패키지,1,0,0.0,0,0.0
20250829_CS_QB_MKL_0014,나이아가라 폭포 퀘벡 몬트리올 포함 미국 캐나다 미동부 여행 패키지,1,0,0.0,0,0.0
20250901_LSR_CLOC_DMKTF_0001,12월 날씨 패키지 해외 일정 직항 동남아 필리핀 여행,1,0,0.0,0,0.0
20250901_LSR_CLOC_NMKTF_0017,11월 3박4일 일정 해외 날씨 필리핀 패키지 여행,1,0,0.0,0,0.0
20250829_KTM_HIN_NCK_0018,여행 샤먼 충칭 장가계 하이난 백두산 베이징 몽골 상하이,2,0,0.0,0,0.0
20250901_LSR_CLOC_MKRUT_0025,필리핀 일정 직항 날씨 리조트 패키지 해외 동남아,1,0,0.0,0,0.0
20250902_LSR_TOKY_NMKRT_0002,11월 항공권 도쿄타워 리조트 날씨 도쿄 여행,1,0,0.0,0,0.0
20250901_LSR_CLOC_MKLKSH_0014,클락 쇼핑 관광지 패키지 마사지 동남아 직항 날씨,1,0,0.0,0,0.0
20250902_LSR_KOBE_MRFIV_0013,일본 패키지 유니버셜스튜디오 직항 우메다스카이빌딩,1,0,0.0,0,0.0
20250829_KTM_GUILIN_ML_0014,계림 여행 직항 힐링 관광 중국 가족 양삭 패키지 5성급호텔 무비자 먹방,1,0,0.0,0,0.0
20250829_KTM__FRANCE_DMK_0060,12월 가격 프랑스 여행 항공권 노르망디 10박12일 파리,1,0,0.0,0,0.0
20250902_LSR_TOKY_NMKRT_0009,11월 디즈니랜드 패키지 리조트 도쿄타워 날씨 일본,1,0,0.0,0,0.0
20250829_KTM__MONGO_CMK_0026,몽골 항공권 패키지 테렐지 여행 무비자 직항 관광,2,0,0.0,0,0.0
20250829_LDW_LTL_CMK_0008,로토루아 여행 뉴질랜드 남북섬 패키지,1,0,0.0,0,0.0
20250829_CS_BF_SNK_0014,캐나다 밴프 로키산맥 캘거리직항 여행 일정 국적기 패키지,2,0,0.0,0,0.0
20250829_KTM__NORTHEUROPE_MKL_0003,덴마크 노르웨이 스웨덴 핀란드 스톡홀름 헬싱키 패키지,2,0,0.0,0,0.0
20250829_KTM_HIN_NCK_0036,패키지 장가계 구채구 몽골 베이징 샤먼 하이난 상하이 충칭,1,0,0.0,0,0.0
20250901_LSR_MANIL_NMKTF__0009,11월 여행 필리핀 직항 날씨 동남아 패키지 마닐라,1,0,0.0,0,0.0
20250901_LSR_BORAC_MKLKLO_0004,보라카이 항공권 에메랄드바다 리조트 가족 추천 여행 날씨 직항 해외 쇼핑,1,0,0.0,0,0.0
20250829_KTM__MONGO_DMK_0057,12월 날씨 울란바토르 항공권 몽골 직항 패키지,1,0,0.0,0,0.0
20250829_CS_BF_ML_0011,부차드가든 빅토리아 피셔맨스 와이너리식사 나이아가라유람선 나이아가라헬기 테이블락,1,0,0.0,0,0.0
20250902_LSR_KOBE_MKLKLO_0002,일본고베 교토 간사이공항 커플여행 항공권 오사카 여행 패키지 직항 해외,1,0,0.0,0,0.0
20250829_LSR_CHIAM_NMTFPC_0019,11월 직항 패키지 태국 항공권 해외여행 날씨 일정,2,0,0.0,0,0.0
20250829_KTM__GERMAN_DMKL_0001,12월 관광 7박9일 비행시간 패키지 여행 직항 독일,1,0,0.0,0,0.0
20250829_CS_TR_CMK_0001,여행 패키지 캐나다 토론토 나이아가라 캐나다동부 국적기 대한항공 인천출발,1,0,0.0,0,0.0
20250829_CS_BF_ML_0007,캘거리 밴프국립공원 로키산맥 보우폭포 밴프곤돌라 밴프시내 트레킹 노옵션상품 인솔자동행,1,0,0.0,0,0.0
20250829_CS_CG_GPT_0013,캘거리 밴프 보우폭포 로키산맥 국립공원 패키지,2,0,0.0,0,0.0
20250902_LSR_KOBE_MMK_0006,일본고베 오사카 날씨 패키지 리조트 직항 해외 항공권,1,0,0.0,0,0.0
20250829_CS_QB_CMK_0005,미국 캐나다 여행 패키지 인천출발 국적기 항공 대한항공 아시아나 퀘벡,1,0,0.0,0,0.0
20250829_KTM_GUILIN_DML_0014,11월 가격 3박5일 패키지 커플 힐링 계림 직항 가족 항공권 여행,2,0,0.0,0,0.0
20250901_LSR_BORAC_MMK_0020,보라카이 일정 항공권 패키지 리조트 여행 직항 날씨,1,0,0.0,0,0.0
20250902_LSR_HACO_MMK_0020,하코네 날씨 직항 해외 일본 일정 에어텔 리조트 후지산,1,0,0.0,0,0.0
20250829_KTM_HIN_DML_0042,12월 야경 해변 힐링 3박4일 가족 가격 패키지 여행 중국 커플 리조트,2,0,0.0,0,0.0
20250829_KTM_HIN_NCK_0012,여행 몽골 충칭 샤먼 구채구 베이징 하이난 장가계 상하이,1,0,0.0,0,0.0
20250902_LSR_KOBE_MRFIV_0002,일본 유니버셜스튜디오 신세카이 오사카 여행 직항 날씨,1,0,0.0,0,0.0
20250829_LDW_BRISBANE_DMK_0005,12월 호주 5박7일 가족여행 여행 브리즈번 단체관광 패키지,2,0,0.0,0,0.0
20250829_CS_BF_GPT_0007,캘거리 밴프 로키산맥 곤돌라 존스턴캐년 트레킹 여행,1,0,0.0,0,0.0
20250901_LSR_CLOC_MKLKSH_0027,클락 리조트 전망대 샤브샤브 열대과일 호핑 직항 쇼핑,1,0,0.0,0,0.0
20250829_KTM_HIN_NCK_0010,여행 구채구 장가계 상하이 베이징 하이난 샤먼 몽골 충칭,1,0,0.0,0,0.0
20250829_LDW_BRISBANE_DMK_0013,12월 브리즈번 단체관광 5박7일 호주 패키지 가족여행 여행,1,0,0.0,0,0.0
20250902_LSR_TOKY_OMKRT_0014,10월 도쿄 일본 리조트 디즈니랜드 날씨 직항 해외 일정 패키지 도쿄타워,1,0,0.0,0,0.0
20250829_CS_QB_CMK_0013,캐나다 미국 여행 패키지 인천출발 국적기 퀘벡 직항 항공권 아시아나 대한항공,1,0,0.0,0,0.0
20250829_KTM__MONGO_CMK_0017,몽골 테렐지 날씨 무비자 여행 관광 패키지 직항,1,0,0.0,0,0.0
20250829_LDW_BRISBANE_DMK_0002,12월 호주 브리즈번 5박7일 가족여행 패키지 여행 단체관광,1,0,0.0,0,0.0
20250829_KTM_GONM_DML_0041,12월 패키지 가격 산 자연 날씨 곤명 항공권 가을 여행 힐링 여강,1,0,0.0,0,0.0
20250829_CS_BF_GPT_0003,캘거리 밴프 로키산맥 밴프곤돌라 존스턴캐년 트레킹 패키지,1,0,0.0,0,0.0
20250829_KTM__MONGO_CMK_0011,몽골 울란바토르 날씨 직항 여행 항공권 무비자 가격,1,0,0.0,0,0.0
20250902_LSR_KOBE_OMKRT_0022,10월 우메다스카이빌딩 유니버셜스튜디오 고베 리조트,1,0,0.0,0,0.0
20250901_LSR_MANIL_OMKTF__0004,10월 마닐라 여행 항공권 필리핀 동남아 해외 직항,1,0,0.0,0,0.0
20250901_LSR_MANIL_MKLKLO__0001,마닐라 폭포 리조트 동남아 항공권 관광지 추천 필리핀 일정 해외 호핑,1,0,0.0,0,0.0
20250829_LDW_BRISBANE_DMK_0025,1월 5박7일 패키지 가족여행 단체관광 여행 브리즈번 호주,1,0,0.0,0,0.0
20250829_LDW_SYDNEY_GBM_0001,부산출발 호주 시드니 패키지 6박7일 가족,1,0,0.0,0,0.0
20250829_LDW_BRISBANE_ML_0009,브리즈번 시드니 선샛 여행 가족여행 투어 별및 패키지 5박7일 크루즈 호주 일정 코알라,2,1,50.0,53,53.0
20250829_KTM__GONM_MKL_0018,곤명 여행 여강 호도협 항공권 패키지 가격 흑룡담 관광,1,0,0.0,0,0.0
20250829_KTM_AFRICA_DML_0005,11월 여행 아프리카핵심4국 남아공 탄자니아 크루즈 낙원 겨울철 패키지,1,0,0.0,0,0.0
20250902_LSR_HACO_MKLKSH_0007,하코네 준비물 자유 일정 도쿄여행 패키지 일본 료칸,1,0,0.0,0,0.0
20250829_LDW_BRISBANE_DMK_0011,12월 패키지 5박7일 여행 호주 브리즈번 단체관광 가족여행,2,0,0.0,0,0.0
20250829_CS_QB_DMK_0013,미국 캐나다 여행 패키지 2026년 출발 7박9일 일정 나이아가라 퀘벡 포함 인천출발,1,0,0.0,0,0.0
20250829_KTM__MONGO_DMK_0031,12월 직항 패키지 테렐지 무비자 날씨 여행 울란바토르,1,0,0.0,0,0.0
20250829_CS_CG_GPT_0020,캘거리 밴프 에메랄드호수 로키산맥 보우폭포 여행,1,0,0.0,0,0.0
20250829_LDW_LTL_SNK_0008,로토루아 여행 남북섬 뉴질랜드 09월 보라보라섬 패키지,1,0,0.0,0,0.0
20250902_LSR_TOKY_NMKRT_0017,11월 항공권 패키지 해외 도쿄 리조트 날씨 디즈니랜드,1,0,0.0,0,0.0
20250829_CS_WT_DMK_0011,미국 여행 노쇼핑 노팁 10박12일 9월 하반기 미동부 노옵션 대한항공,1,0,0.0,0,0.0
20250829_LDW_LTL_SNM_0019,패키지 로토루아 보라보라섬 뉴질랜드 여행,1,0,0.0,0,0.0
20250829_KTM_GUILIN_DML_0015,11월 계림 패키지 특식 여행 커플 직항 양삭 먹방 가족 항공권 날씨,1,0,0.0,0,0.0
20250901_LSR_BORAC_MKLKSH_0027,보라카이 에메랄드바다 관광지 일정 날씨 리조트 추천,1,0,0.0,0,0.0
20250829_KTM_GONM_ML_0017,곤명 단풍 4박6일 가을 날씨 자연 관광 항공권 힐링 5성급호텔 산 여강,1,0,0.0,0,0.0
20250902_LSR_KOBE_MKLKSH_0010,일본고베 항공권 해외 에어텔 오사카 리조트 여행 온천,1,0,0.0,0,0.0
20250829_LDW_BRISBANE_ML_0002,브리즈번 투어 여행 시드니 단체관광 5박7일 크루즈 가족여행 코알라 패키지 선샛 왕복,1,0,0.0,0,0.0
20250829_LSR_CHIAM_TRIPMK_0020,해외여행 패키지 관광지 일정 항공권 치앙마이 직항 날씨,1,0,0.0,0,0.0
20250829_KTM_MONGO_ML_0020,몽골 테렐지 여행 무비자 커플 별 패키지 힐링 양고기 밤하늘 가족 가격,4,0,0.0,0,0.0
20250902_LSR_KOBE_RAN_0012,일본여행 패키지 신사이바시 해외 도톤보리 항공권 직항,1,0,0.0,0,0.0
20250829_LDW_LTL_CMK_0004,로토루아 뉴질랜드 남북섬 패키지 여행,1,0,0.0,0,0.0
20250902_LSR_KOBE_MRFIV_0014,일본 도톤보리 패키지 해외 유니버셜스튜디오 오사카,1,0,0.0,0,0.0
20250829_CS_QB_CMK_0018,캐나다 미국 여행 패키지 퀘벡 인천출발 국적기 직항 아시아나항공 대한항공,1,0,0.0,0,0.0
20250829_KTM__MONGO_DMK_0048,12월 직항 무비자 관광 패키지 여행 2박 4일 가격,1,0,0.0,0,0.0
20250829_LDW_BRISBANE_SNK_0017,브리즈번 시드니 패키지 호주 아시아나 여행 5박7일,1,0,0.0,0,0.0
20250829_KTM__NORTHEUROPE_DMK_0038,12월 북유럽 일주 관광 코펜하겐 10박12일 스톡홀름,1,0,0.0,0,0.0
20250829_CS_QB_ML_0017,퀘벡 노트르담 성당 몽트랑블랑 로렌시안 트리탑 나이아가라 캐나다패키지 미국여행 미동부 패키,3,0,0.0,0,0.0
20250902_LSR_KOBE_MRFIV_0023,일본 리조트 항공권 우메다스카이빌딩 날씨 신사이바시,1,0,0.0,0,0.0
20250901_LSR_BORAC_OMKTF_0018,10월 패키지 3박4일 항공권 동남아 일정 날씨 여행,1,0,0.0,0,0.0
20250829_CS_WT_OT_0013,노팁 노쇼핑 대한항공 여행 토론토 미동부 우드버리애울렛 노옵션 인천출발 여행 링컨기념관,1,0,0.0,0,0.0
20250901_LSR_BORAC_DMKTF_0010,12월 일정 3박4일 동남아 해외 필리핀 보라카이 여행,1,0,0.0,0,0.0
20250829_LDW_SYDNEY_GBM_0013,부산출발 호주 투어 시드니 6박7일 패키지,1,0,0.0,0,0.0
20250902_LSR_KOBE_MRFIV_0008,일본 패키지 여행 해외 직항 날씨 우메다스카이빌딩,1,0,0.0,0,0.0
20250829_KTM__GONM_MKL_0021,곤명 여강 항공권 호도협 가격 흑룡담 패키지 여행 날씨,1,0,0.0,0,0.0
20250901_LSR_BORAC_MKLKLO_0002,보라카이 호핑 리조트 케이블카 필리핀 추천 보트 직항 쇼핑 날씨 항공권,1,0,0.0,0,0.0
20250829_LDW_BRISBANE_DMK_0001,12월 단체관광 여행 5박7일 호주 패키지 브리즈번 가족여행,1,0,0.0,0,0.0
20250901_LSR_CLOC_DMKTF_0024,12월 항공권 여행 직항 날씨 해외 3박4일 패키지,1,0,0.0,0,0.0
20250829_CS_CG_GPT_0005,캘거리 밴프 곤돌라 존스턴캐년 에메랄드호수 여행,1,0,0.0,0,0.0
20250829_LDW_BRISBANE_GPT_0009,호주 브리즈번 허니문 여행 패키지 리조트 포함,1,0,0.0,0,0.0
20250829_KTM_MONGO_DML_0035,11월 게르 승마 힐링 관광 패키지 가족 울란바토르 항공권 직항 가격 별,1,0,0.0,0,0.0
20250829_KTM__GONM_DMK_0053,12월 여행 여강 패키지 항공권 중국 날씨 관광 가격,1,0,0.0,0,0.0
20250829_KTM_GUILIN_ML_0020,계림 특식 양삭 직항 패키지 3박5일 관광 중국 여행 무비자 가족 항공권,1,0,0.0,0,0.0
20250829_LDW_BRISBANE_ML_0011,브리즈번 왕복 패키지 투어 여행 시드니 일정 코알라 가족여행 크루즈 선샛 비행기값 별및,1,0,0.0,0,0.0
20250829_KTM_AFRICA_DML_0027,11월 여행 패키지 추석연휴 가볼만한곳 가을철 탄자니아 힐링 낙원 숙소,1,0,0.0,0,0.0
20250901_LSR_CLOC_MMK_0012,클락 패키지 직항 여행 날씨 해외 리조트 필리핀 일정,1,0,0.0,0,0.0
20250829_LSR_CHIAM_DMTFPC_0012,12월 해외여행 리조트 패키지 날씨 항공권 관광지,1,0,0.0,0,0.0
20250902_LSR_KOBE_NMKRT_0008,11월 유니버셜스튜디오 오사카 해외 여행 일본 리조트,1,0,0.0,0,0.0
20250829_KTM_HIN_NCK_0019,여행 몽골 충칭 샤먼 상하이 구채구 장가계 베이징 하이난,2,0,0.0,0,0.0
20250902_LSR_KOBE_MRR_0013,일본 날씨 우메다스카이빌딩 해외 고베 리조트 패키지,1,0,0.0,0,0.0
20250902_LSR_TOKY_OMKRT_0007,10월 일정 패키지 날씨 직항 도쿄 리조트 디즈니랜드 일본 여행 항공권,1,0,0.0,0,0.0
20250829_KTM_HIN_DML_0055,12월 여행 리조트 패키지 호캉스 커플 힐링 가족 해변 날씨 야경 중국,1,0,0.0,0,0.0
20250829_KTM__HIN_CMK_0003,하이난 항공권 여행 리조트 가격 중국 관광 패키지 날씨,1,0,0.0,0,0.0
20250902_LSR_TOKY_NMKRT_0010,11월 도쿄타워 여행 직항 디즈니랜드 일본 패키지 도쿄,1,0,0.0,0,0.0
20250829_CS_BF_DMK_0007,캘거리 캐나다 여행적기 4월 8박 10일 국적기 인천출발 대한항공 패키지,1,0,0.0,0,0.0
20250829_KTM_MONGO_DML_0050,11월 가격 항공권 승마 날씨 패키지 무비자 테렐지 몽골 여행 가족 별,1,0,0.0,0,0.0
20250829_KTM_HIN_NCK_0001,여행 몽골 충칭 샤먼 상하이 장가계 베이징 백두산 하이난,1,0,0.0,0,0.0
20250829_KTM__MONGO_CMK_0014,몽골 항공권 패키지 테렐지 관광 무비자 여행 직항,1,0,0.0,0,0.0
20250829_KTM_HIN_DML_0021,11월 여행 중국 날씨 가격 힐링 하이난 패키지 해변 야경 가족 커플,5,0,0.0,0,0.0
20250829_KTM__GERMAN_MKL_0029,독일 비행시간 패키지 서유럽 직항 프랑크푸르트 항공권,3,0,0.0,0,0.0
20250829_CS_TR_MKL_0008,블루제이스 토론토 나이아가라 몬트리올 퀘벡 캐나다동부 여행,1,0,0.0,0,0.0
20250901_LSR_MANIL_ICM__0017,인천출발 일정 날씨 직항 여행 포트산티아고 패키지,1,0,0.0,0,0.0
20250829_KTM_GUILIN_DML_0031,12월 여행 커플 항공권 무비자 날씨 5성급호텔 직항 특식 힐링 발마사지,1,0,0.0,0,0.0
20250902_LSR_HACO_MKLKSH_0014,하코네 날씨 가족 패키지 준비물 일본 항공권 온천 료칸,1,0,0.0,0,0.0
20250829_LDW_LTL_SNK_0013,로토루아 뉴질랜드 남북섬 패키지 보라보라섬 여행 09월,3,1,33.33333333333333,53,53.0
20250829_LDW_SYDNEY_GBM_0005,부산출발 호주 패키지 부산출발 투어 여행,2,0,0.0,0,0.0
20250829_LDW_LTL_ICH_0014,인천출발 뉴질랜드 여행 로토루아 남북섬 패키지,1,0,0.0,0,0.0
20250829_LSR_CHIAM_DMTFPC_0028,12월 항공권 치앙마이 해외여행 직항 태국 3박5일,1,0,0.0,0,0.0
20250829_CS_QB_SNK_0006,미국여행 캐나다패키지 나이아가라 퀘벡 포함 미동부 특급호텔 인천출발,1,0,0.0,0,0.0
20250829_LDW_BRISBANE_DMK_0015,12월 브리즈번 5박7일 패키지 호주 단체관광 가족여행 여행,1,0,0.0,0,0.0
20250901_LSR_BORAC_MMK_0019,보라카이 직항 날씨 해외 리조트 패키지 동남아 항공권,1,0,0.0,0,0.0
20250829_KTM_AFRICA_DML_0009,11월 여행 아프리카핵심4국 항공권 탄자니아 패키지 겨울철 크루즈 남아공,1,0,0.0,0,0.0
20250901_LSR_CLOC_MMK_0020,클락 직항 동남아 해외 패키지 일정 필리핀 날씨 항공권,1,0,0.0,0,0.0
20250902_LSR_KOBE_MKLKLO_0018,일본고베 나라 리조트 커플여행 해외 오사카 항공권 교토 에어텔 여행,2,0,0.0,0,0.0
20250901_LSR_BORAC_NMKTF_0019,11월 일정 여행 항공권 패키지 날씨 직항 해외 동남아,1,0,0.0,0,0.0
20250901_LSR_MANIL_MMK_0028,마닐라 리조트 해외 항공권 직항 여행 패키지 날씨,1,0,0.0,0,0.0
20250829_KTM_MONGO_DML_0069,12월 여행 관광 패키지 커플 직항 항공권 승마 날씨 초원 가족 힐링,1,0,0.0,0,0.0
20250901_LSR_BORAC_ICMR_0021,인천출발 보트 보라카이 호핑 필리핀 여행 패키지,1,0,0.0,0,0.0
20250829_LSR_CHIAM_NMTFPC_0026,11월 3박5일 해외여행 직항 태국 항공권 일정 패키지,1,0,0.0,0,0.0
20250902_LSR_HACO_MKLKSH_0021,하코네 가족 패키지 감성숙소 료칸 직항 일정 자유,1,0,0.0,0,0.0
20250901_LSR_CLOC_MKRUT_0005,필리핀 사파리 동남아 패키지 다이너소어스아일랜드 일정,1,0,0.0,0,0.0
20250829_KTM__GERMAN_MKL_0034,독일 관광 포츠담 패키지 여행 가격 비행시간 프랑스,1,0,0.0,0,0.0
20250901_LSR_MANIL_MMK_0021,마닐라 리조트 직항 패키지 해외 항공권 여행 날씨,1,0,0.0,0,0.0
20250829_KTM__GONM_DMK_0022,11월 패키지 여행 관광 곤명 여강 가격 날씨 항공권,1,0,0.0,0,0.0
20250901_LSR_BORAC_MKLKSH_0014,보라카이 가족 쇼핑 에메랄드바다 항공권 관광지 리조트,1,0,0.0,0,0.0
20250829_LDW_BRISBANE_DMK_0055,2월 브리즈번 패키지 가족여행 단체관광 여행 호주 5박7일,1,0,0.0,0,0.0
20250829_LSR_CHIAM_MKLP_0013,치앙마이 트레킹 쇼핑 사파리 관광지 여행 날씨 직항 야시장 가족 리조트,1,0,0.0,0,0.0
20250829_CS_WT_CMK_0016,노옵션 항공권 아시아나항공 직항 노쇼핑 패키지 워싱턴 미동부 노팁,1,0,0.0,0,0.0
20250901_LSR_BORAC_NMKTF_0026,11월 직항 보라카이 필리핀 해외 날씨 동남아 패키지,1,0,0.0,0,0.0
20250829_KTM_GERMAN_ML_0024,독일 숙소 가을 일주 맥주 힐링 가볼만한곳 슈바인학세 직항 유람선,1,0,0.0,0,0.0
20250829_CS_BF_SNK_0020,캐나다 밴프 로키산맥 캘거리직항 여행 일정 인천출발 국적기,1,0,0.0,0,0.0
20250829_CS_QB_CMK_0006,퀘벡 가족여행 미국 캐나다 패키지 국적기 항공권 인천출발 대한항공 아시아나,1,0,0.0,0,0.0
20250902_LSR_KOBE_MKLKLO_0004,일본고베 교토 리조트 나라 여행 에어텔 날씨 패키지 직항 간사이공항 해외,1,0,0.0,0,0.0
20250829_KTM__GERMAN_DMKL_0021,12월 베를린 프랑크푸르트 독일 7박9일 라인강,1,0,0.0,0,0.0
20250901_LSR_MANIL_MKLKSH_0024,마닐라 항공권 필리핀 폭포 리조트 관광지 여행 마사지,1,0,0.0,0,0.0
20250829_LDW_LTL_GPT_0018,뉴질랜드 로토루아 자연경관 관광 패키지여행,1,0,0.0,0,0.0
20250829_CS_WT_DMK_0014,9월 미국 직항 2026년 아시아나항공 노쇼핑 노팁 하반기 여행 패키지,1,0,0.0,0,0.0
20250901_LSR_BORAC_MKLKSH_0011,보라카이 일정 스쿠버다이빙 보트 패키지 날씨 여행 쇼핑,1,0,0.0,0,0.0
20250902_LSR_HACO_MKLKLO_0028,하코네 자유 직항 패키지 가족 후지산 날씨 일본 준비물 해외 온천 일정,1,0,0.0,0,0.0
20250829_KTM_MONGO_DML_0078,12월 날씨 여행 가격 직항 힐링 별 승마 가족 2박 4일 패키지 테렐지,1,0,0.0,0,0.0
20250901_LSR_MANIL_MKLKLO__0022,마닐라 폭포 가족 추천 쇼핑 해외 리조트 필리핀 동남아 항공권 전망대,1,0,0.0,0,0.0
20250829_KTM__GERMAN_CMK_0014,독일 관광 가격 항공권 여행 비행시간 서유럽 패키지,1,0,0.0,0,0.0
20250829_LDW_LTL_SNK_0006,로토루아 보라보라섬 뉴질랜드 패키지 남북섬 여행 09월,1,0,0.0,0,0.0
20250829_CS_TR_DMK_0005,토론토 10월 7박10일 캐나다 나이아가라 여행 패키지 국적기,1,0,0.0,0,0.0
20250829_KTM__GERMAN_MKL_0002,독일 패키지 직항 베를린 서유럽 비행시간 프랑스 가격,2,0,0.0,0,0.0
20250901_LSR_BORAC_MKLKSH_0028,보라카이 날씨 케이블카 해외 필리핀 에메랄드바다 항공권,1,0,0.0,0,0.0
20250902_LSR_KOBE_MMK_0021,일본고베 패키지 항공권 해외 여행 직항 날씨 오사카,1,0,0.0,0,0.0
20250829_KTM_GONM_ML_0005,곤명 날씨 힐링 자연 여강 여행 가격 4박6일 관광 단풍 패키지 중국 산,1,0,0.0,0,0.0
20250829_KTM__GERMAN_DMKL_0003,12월 관광 7박9일 프랑크푸르트 비행시간 직항,1,0,0.0,0,0.0
20250829_LDW_LTL_SNK_0002,로토루아 남북섬 09월 보라보라섬 뉴질랜드 패키지 여행,1,0,0.0,0,0.0
20250829_LSR_CHIAM_TRIPMK_0017,해외여행 태국 항공권 날씨 리조트 관광지 치앙마이 일정,1,0,0.0,0,0.0
20250829_LDW_BRISBANE_GPT_0008,브리즈번 골드코스트 & 선샤인코스트 연계 패키지,1,0,0.0,0,0.0
20250829_CS_BF_SNK_0011,캐나다여행 캘거리직항 밴프 로키산맥 일정 여행 패키지 인천출발,4,0,0.0,0,0.0
20250902_LSR_KOBE_OMKRT_0019,10월 우메다스카이빌딩 고베 여행 패키지 일본 오사카,1,0,0.0,0,0.0
20250829_CS_CG_GPT_0003,캘거리 밴프 로키산맥 국적기 직항 인천출발 여행,1,0,0.0,0,0.0
20250902_LSR_KOBE_DMKRT_0016,12월 해외 우메다스카이빌딩 고베 직항 오사카,1,0,0.0,0,0.0
20250902_LSR_TOKY_NMKRT_0012,11월 해외 디즈니랜드 패키지 리조트 도쿄 날씨 일정,1,0,0.0,0,0.0
20250829_KTM_MONGO_DML_0085,12월 게르 커플 가족 패키지 몽골 승마 가격 2박 4일 울란바토르 여행,2,0,0.0,0,0.0
20250829_LDW_LTL_SNM_0018,보라보라섬 패키지 뉴질랜드 로토루아 여행,2,0,0.0,0,0.0
20250901_LSR_CLOC_MMK_0001,클락 여행 일정 필리핀 동남아 날씨 리조트 항공권,1,0,0.0,0,0.0
20250829_KTM_HIN_NCK_0029,패키지 샤먼 장가계 하이난 백두산 상하이 몽골 베이징 충칭,2,0,0.0,0,0.0
20250901_LSR_CLOC_NMKTF_0014,11월 동남아 패키지 날씨 필리핀 리조트 항공권 직항,1,0,0.0,0,0.0
20250901_LSR_BORAC_DMKTF_0012,12월 리조트 동남아 항공권 필리핀 여행 패키지 날씨,1,0,0.0,0,0.0
20250901_LSR_MANIL_MKR__0028,마닐라 리조트 직항 패키지 여행 일정 항공권,1,0,0.0,0,0.0
20250829_CS_TR_MKL_0003,토론토 나이아가라 옐로나이프 밴프 몬트리올 캐나다동부 여행 패키지,1,1,100.0,53,53.0
20250829_CS_QB_DMK_0018,미국 캐나다 패키지 여행 8일 일정 나이아가라 퀘벡 몬트리올 포함,1,0,0.0,0,0.0
20250829_LDW_BRISBANE_DMK_0007,12월 호주 5박7일 패키지 브리즈번 가족여행 단체관광 여행,1,0,0.0,0,0.0
20250829_LDW_SYDNEY_GBM_0003,부산출발 호주 여행 투어 가족 6박7일 시드니,1,0,0.0,0,0.0
20250829_LDW_BRISBANE_DMK_0016,12월 호주 가족여행 브리즈번 5박7일 단체관광 여행 패키지,1,0,0.0,0,0.0
20250829_KTM__MONGO_CMK_0032,몽골 테렐지 여행 관광 울란바토르 패키지 무비자,1,0,0.0,0,0.0
20250829_KTM_HIN_NCK_0040,패키지 몽골 하이난 구채구 상하이 샤먼 베이징 충칭 장가계,2,0,0.0,0,0.0
20250829_KTM__NORTHEUROPE_DMK_0025,11월 두바이왕궁 카이로 코펜하겐 스톡홀름 10박12일,1,0,0.0,0,0.0
20250902_LSR_KOBE_MRR_0023,일본 날씨 우메다스카이빌딩 해외 유니버셜스튜디오 오사카,1,0,0.0,0,0.0
20250829_KTM_MONGO_DML_0100,12월 항공권 테렐지 가격 여행 직항 힐링 가족 몽골 무비자 커플 패키지,4,0,0.0,0,0.0
20250902_LSR_KOBE_RAN_0027,일본여행 리조트 오사카 도톤보리 날씨 유니버셜스튜디오,3,0,0.0,0,0.0
20250901_LSR_MANIL_ICM__0003,인천출발 대성당 패키지 마닐라 직항 리조트 항공권,1,0,0.0,0,0.0
20250829_KTM_HIN_DML_0001,11월 중국 가격 날씨 패키지 가족 관광 야경 커플 여행 5성급호텔,2,0,0.0,0,0.0
20250829_LSR_CHIAM_DMTFPC_0019,12월 치앙마이 일정 패키지 태국 리조트 해외여행 날씨,2,0,0.0,0,0.0
20250901_LSR_MANIL_DMKTF__0026,12월 리조트 동남아 패키지 일정 여행 직항 해외,1,0,0.0,0,0.0
20250829_KTM_MONGO_DML_0108,12월 몽골 패키지 게르 무비자 승마 직항 관광 울란바토르 별 2박 4일,1,0,0.0,0,0.0
20250829_KTM__AFRICA_MKL_0018,여행 케냐 아프리카핵심4국 사파리 패키지 관광,2,0,0.0,0,0.0
20250829_LDW_BRISBANE_DMK_0006,12월 호주 가족여행 단체관광 브리즈번 5박7일 패키지 여행,1,0,0.0,0,0.0
20250901_LSR_BORAC_MKLKLO_0028,보라카이 호핑 관광지 여행 에메랄드바다 일정 해외 보트 직항 쇼핑,1,0,0.0,0,0.0
20250829_KTM_GONM_DML_0057,12월 힐링 단풍 트레킹 여행 산 관광 자연 중국 패키지 날씨 가격,1,0,0.0,0,0.0
20250829_CS_QB_DMK_0020,미국 캐나다 패키지 여행 10일 일정 인천출발 나이아가라 퀘벡 포함,1,0,0.0,0,0.0
20250901_LSR_CLOC_MKLKLO_0004,클락 열대과일 일정 전망대 날씨 호핑 동남아 필리핀 직항 해외 호핑투어,1,0,0.0,0,0.0
20250829_KTM__GUILIN_CMK_0010,계림 관광 중국 양삭 직항 패키지 가격 항공권 날씨,1,0,0.0,0,0.0
20250902_LSR_TOKY_OMKRT_0006,10월 항공권 해외 패키지 도쿄 도쿄타워 여행 직항 디즈니랜드 리조트,1,0,0.0,0,0.0
20250902_LSR_KOBE_MRR_0029,일본 직항 오사카 항공권 유니버셜스튜디오 리조트 해외,2,0,0.0,0,0.0
20250829_KTM_HIN_NCK_0027,패키지 몽골 충칭 상하이 백두산 장가계 베이징 샤먼 하이난,1,0,0.0,0,0.0
20250829_KTM__GONM_MKL_0006,곤명 옥룡설산 날씨 여행 석림 중국 패키지 관광 가격,1,0,0.0,0,0.0
20250901_LSR_MANIL_MKR__0009,마닐라 리조트 날씨 필리핀 항공권 직항 패키지 일정,1,0,0.0,0,0.0
20250902_LSR_TOKY_MKLKLO_0013,도쿄 에어텔 날씨 자유 여행 일정 직항 감성숙소 항공권 일본 해외 료칸,1,0,0.0,0,0.0
20250902_LSR_KOBE_MKLKSH_0030,일본고베 에어텔 리조트 간사이공항 교토 커플여행 여행,1,0,0.0,0,0.0
20250902_LSR_KOBE_MRR_0030,일본 해외 오사카 우메다스카이빌딩 날씨 패키지 여행,1,0,0.0,0,0.0
20250829_KTM_AFRICA_DML_0021,11월 여행 관광 케냐 패키지 특식 추석연휴 숙소 가볼만한곳,1,0,0.0,0,0.0
20250901_LSR_MANIL_OMKTF__0030,10월 항공권 필리핀 동남아 여행 해외 직항 일정,1,0,0.0,0,0.0
20250829_LSR_CHIAM_DMTFPC_0027,12월 항공권 날씨 직항 3박5일 일정 패키지 치앙마이,1,0,0.0,0,0.0
20250829_CS_TR_MKL_0001,나이아가라 토론토 몬트리올 퀘벡 블루제이스 캐나다동부 여행 패키지 국적기,1,0,0.0,0,0.0
20250829_KTM__GERMAN_DMKL_0014,12월 직항 7박9일 가격 독일 프랑크푸르트 항공권,1,0,0.0,0,0.0
20250901_LSR_BORAC_MKLKLO_0003,보라카이 스쿠버다이빙 항공권 에메랄드바다 패키지 날씨 직항 동남아 여행,1,0,0.0,0,0.0
20250829_LDW_BRISBANE_SNK_0012,브리즈번 패키지 5박7일 아시아나 호주 시드니 여행,1,0,0.0,0,0.0
20250901_LSR_BORAC_MKLKLO_0025,보라카이 날씨 보트 에메랄드바다 추천 패키지 스쿠버다이빙 여행 일정 해외,1,0,0.0,0,0.0
20250829_KTM_HIN_DML_0043,12월 5성급호텔 패키지 항공권 커플 하이난 중국 관광 힐링 여행 호캉스,1,0,0.0,0,0.0
20250902_LSR_KOBE_OMKRT_0005,10월 패키지 일본 유니버셜스튜디오 직항 오사카 리조트,1,0,0.0,0,0.0
20250829_CS_BF_ML_0003,캘거리 밴프 에메랄드호수 로키산맥 밴프곤돌라 트레킹 존스턴캐년 폭포전망스테이크 인솔자동행,1,0,0.0,0,0.0
20250829_LDW_SYDNEY_GBM_0016,부산출발 호주 여행 부산출발 가족 6박7일,1,0,0.0,0,0.0
20250901_LSR_BORAC_MKLKSH_0001,보라카이 에메랄드바다 해외 보트 가족 날씨 추천 필리핀,1,0,0.0,0,0.0
20250901_LSR_CLOC_MKLKLO_0023,클락 항공권 패키지 필리핀 마사지 동남아 샤브샤브 관광지 호핑 휴양 날씨,1,0,0.0,0,0.0
20250829_LDW_BRISBANE_DMK_0028,1월 브리즈번 호주 여행 단체관광 5박7일 패키지 가족여행,1,0,0.0,0,0.0
20250902_LSR_KOBE_DMKRT_0004,12월 오사카 우메다스카이빌딩 날씨 패키지 리조트,1,0,0.0,0,0.0
20250901_LSR_BORAC_MKLKSH_0022,보라카이 관광지 리조트 날씨 추천 패키지 에메랄드바다,1,0,0.0,0,0.0
20250829_KTM__GUILIN_DMK_0015,11월 중국 무비자 직항 여행 항공권 패키지 양삭,1,0,0.0,0,0.0
20250829_CS_GC_MKL_0019,라스베가스 미국여행 금문교 그랜드캐년 대한항공 스타의거리 코카콜라스토어 프리몬트스트리트 인,1,0,0.0,0,0.0
20250829_KTM_GUILIN_DML_0050,12월 커플 양삭 관광 먹방 직항 무비자 가족 특식 패키지 발마사지,1,0,0.0,0,0.0
20250829_KTM_HIN_DML_0050,12월 항공권 5성급호텔 여행 패키지 야경 해변 호캉스 커플 중국 하이난,1,0,0.0,0,0.0
20250901_LSR_BORAC_MKR_0027,보라카이 패키지 날씨 마운트루호전망대 여행 항공권,1,0,0.0,0,0.0
20250829_CS_GC_GPT_0006,그랜드캐년 라스베이거스 미서부 앤텔로프캐년 요세미티 여행,1,0,0.0,0,0.0
20250829_KTM_GONM_DML_0024,11월 여강 가을 항공권 관광 곤명 산 4박6일 중국 5성급호텔 자연,1,0,0.0,0,0.0
20250829_CS_TR_DMK_0004,캐나다 2026년 하반기 토론토 7박10일 나이아가라 여행 패키지 국적기,1,0,0.0,0,0.0
20250902_LSR_HACO_MMK_0004,하코네 일정 직항 일본 해외 항공권 패키지 도쿄여행,1,0,0.0,0,0.0
20250829_KTM__NORTHEUROPE_DMK_0009,11월 여행 카이로 스톡홀름 패키지 관광 발틱 3개국,1,0,0.0,0,0.0
20250829_LDW_BRISBANE_DMK_0012,12월 패키지 브리즈번 여행 가족여행 단체관광 호주 5박7일,1,0,0.0,0,0.0
20250829_LSR_CHIAM_MMK_0018,치앙마이 항공권 패키지 일정 리조트 여행 직항 태국,1,0,0.0,0,0.0
20250829_KTM__NORTHEUROPE_DMK_0036,12월 패키지 북유럽 일주 카이로 여행 스톡홀름 헬싱키,1,0,0.0,0,0.0
